,label
2,5R7Y
3,5R7Z
4,5R80
5,5R81
6,5R82
7,5R83
8,5R84
9,5R8T
10,5RE4
11,5RE5
12,5RE6
13,5RE7
14,5RE8
15,5RE9
16,5REA
17,5REB
18,5REC
19,5RED
20,5REE
21,5REF
22,5REG
23,5REH
24,5REI
25,5REJ
26,5REK
27,5REL
28,5REM
29,5REN
30,5REO
31,5REP
32,5RER
33,5RES
34,5RET
35,5REU
36,5REV
37,5REW
38,5REX
39,5REY
40,5REZ
41,5RF0
42,5RF1
43,5RF2
44,5RF3
45,5RF4
46,5RF5
47,5RF6
48,5RF7
49,5RF8
50,5RF9
51,5RFA
52,5RFB
53,5RFC
54,5RFD
55,5RFE
56,5RFF
57,5RFG
58,5RFH
59,5RFI
60,5RFJ
61,5RFK
62,5RFL
63,5RFM
64,5RFN
65,5RFO
66,5RFP
67,5RFQ
68,5RFR
69,5RFS
70,5RFT
71,5RFU
72,5RFV
73,5RFW
74,5RFX
75,5RFY
76,5RFZ
77,5RG0
78,5RG1
79,5RG2
80,5RG3
81,5RGG
82,5RGH
83,5RGI
84,5RGJ
85,5RGK
86,5RGL
87,5RGM
88,5RGN
89,5RGO
90,5RGP
91,5RGQ
92,5RGR
93,5RGS
94,5RGT
95,5RGU
96,5RGV
97,5RGW
98,5RGX
99,5RGY
100,5RGZ
101,5RH0
102,5RH1
103,5RH2
104,5RH3
105,5RH4
106,5RH5
107,5RH6
108,5RH7
109,5RH8
110,5RH9
111,5RHA
112,5RHB
113,5RHC
114,5RHD
115,5RHE
116,5RHF
117,5RL0
118,5RL1
119,5RL2
120,5RL3
121,5RL4
122,5RL5
123,5RL6
124,5RL7
125,5RL8
126,5RL9
127,5RLB
128,5RLC
129,5RLD
130,5RLE
131,5RLF
132,5RLG
133,5RLH
134,5RLI
135,5RLJ
136,5RLK
137,5RLL
138,5RLM
139,5RLN
140,5RLO
141,5RLP
142,5RLQ
143,5RLR
144,5RLS
145,5RLT
146,5RLU
147,5RLV
148,5RLW
149,5RLY
150,5RLZ
151,5RM0
152,5RM1
153,5RM2
154,5RM3
155,5RM4
156,5RM5
157,5RM6
158,5RM7
159,5RM8
160,5RM9
161,5RMA
162,5RMB
163,5RMC
164,5RMD
165,5RME
166,5RMF
167,5RMG
168,5RMH
169,5RMI
170,5RMJ
171,5RMK
172,5RML
173,5RMM
174,5ROB
175,5RS7
176,5RS8
177,5RS9
178,5RSB
179,5RSC
180,5RSD
181,5RSE
182,5RSF
183,5RSG
184,5RSH
185,5RSI
186,5RSJ
187,5RSK
188,5RSL
189,5RSM
190,5RSN
191,5RSO
192,5RSP
193,5RSQ
194,5RSR
195,5RSS
196,5RST
197,5RSU
198,5RSV
199,5RSW
200,5RSX
201,5RSY
202,5RSZ
203,5RT0
204,5RT1
205,5RT2
206,5RT3
207,5RT4
208,5RT5
209,5RT6
210,5RT7
211,5RT8
212,5RT9
213,5RTA
214,5RTB
215,5RTC
216,5RTD
217,5RTE
218,5RTF
219,5RTG
220,5RTH
221,5RTI
222,5RTJ
223,5RTK
224,5RTL
225,5RTM
226,5RTN
227,5RTO
228,5RTP
229,5RTQ
230,5RTR
231,5RTS
232,5RTT
233,5RTU
234,5RTV
235,5RTW
236,5RTX
237,5RTY
238,5RTZ
239,5RU0
240,5RU1
241,5RU2
242,5RU3
243,5RU4
244,5RU5
245,5RU6
246,5RU7
247,5RU8
248,5RU9
249,5RUA
250,5RUC
251,5RUD
252,5RUE
253,5RUF
254,5RUG
255,5RUH
256,5RUI
257,5RUJ
258,5RUK
259,5RUL
260,5RUM
261,5RUN
262,5RUO
263,5RUP
264,5RUQ
265,5RUR
266,5RUS
267,5RUT
268,5RUU
269,5RUV
270,5RUW
271,5RUX
272,5RUY
273,5RUZ
274,5RV0
275,5RV1
276,5RV2
277,5RV3
278,5RV4
279,5RV5
280,5RV6
281,5RV7
282,5RV8
283,5RV9
284,5RVA
285,5RVB
286,5RVC
287,5RVD
288,5RVE
289,5RVF
290,5RVG
291,5RVH
292,5RVI
293,5RVJ
294,5RVK
295,5RVL
296,5RVM
297,5RVN
298,5RVO
299,5RVP
300,5RVQ
301,5RVR
302,5RVS
303,5RVT
304,5RVU
305,5RVV
306,5S18
307,5S1A
308,5S1C
309,5S1E
310,5S1G
311,5S1I
312,5S1K
313,5S1M
314,5S1O
315,5S1Q
316,5S1S
317,5S1U
318,5S1W
319,5S1Y
320,5S20
321,5S22
322,5S24
323,5S26
324,5S27
325,5S28
326,5S29
327,5S2A
328,5S2B
329,5S2C
330,5S2D
331,5S2E
332,5S2F
333,5S2G
334,5S2H
335,5S2I
336,5S2J
337,5S2K
338,5S2L
339,5S2M
340,5S2N
341,5S2O
342,5S2P
343,5S2Q
344,5S2R
345,5S2S
346,5S2T
347,5S2U
348,5S2V
349,5S2W
350,5S2X
351,5S2Y
352,5S2Z
353,5S30
354,5S31
355,5S32
356,5S33
357,5S34
358,5S35
359,5S36
360,5S37
361,5S38
362,5S39
363,5S3A
364,5S3B
365,5S3C
366,5S3D
367,5S3E
368,5S3F
369,5S3G
370,5S3H
371,5S3I
372,5S3J
373,5S3K
374,5S3L
375,5S3M
376,5S3N
377,5S3O
378,5S3P
379,5S3Q
380,5S3R
381,5S3S
382,5S3T
383,5S3U
384,5S3V
385,5S3W
386,5S3X
387,5S3Y
388,5S3Z
389,5S40
390,5S41
391,5S42
392,5S43
393,5S44
394,5S45
395,5S46
396,5S47
397,5S48
398,5S49
399,5S4A
400,5S4B
401,5S4C
402,5S4D
403,5S4E
404,5S4F
405,5S4G
406,5S4H
407,5S4I
408,5S4J
409,5S4K
410,5S6X
411,5S6Y
412,5S6Z
413,5S70
414,5S71
415,5S72
416,5S73
417,5S74
418,5SA4
419,5SA5
420,5SA6
421,5SA7
422,5SA8
423,5SA9
424,5SAA
425,5SAB
426,5SAC
427,5SAD
428,5SAE
429,5SAF
430,5SAG
431,5SAH
432,5SAI
433,6LU7
434,6LVN
435,6LXT
436,6LZE
437,6M03
438,6M0K
439,6M1V
440,6M2N
441,6M2Q
442,6M3M
443,6M5I
444,6M71
445,6VSB
446,6VWW
447,6VXS
448,6VXX
449,6VYB
450,6VYO
451,6W01
452,6W02
453,6W37
454,6W4B
455,6W4H
456,6W61
457,6W63
458,6W6Y
459,6W75
460,6W9C
461,6W9Q
462,6WC1
463,6WCF
464,6WEN
465,6WEY
466,6WIQ
467,6WJI
468,6WJT
469,6WKP
470,6WKQ
471,6WKS
472,6WLC
473,6WNP
474,6WOJ
475,6WPS
476,6WPT
477,6WQ3
478,6WQD
479,6WQF
480,6WRH
481,6WRZ
482,6WTC
483,6WTJ
484,6WTK
485,6WTM
486,6WTT
487,6WUU
488,6WVN
489,6WX4
490,6WXC
491,6WXD
492,6WZO
493,6WZQ
494,6WZU
495,6X1B
496,6X29
497,6X2A
498,6X2B
499,6X2C
500,6X4I
501,6X6P
502,6X79
503,6XA4
504,6XA9
505,6XAA
506,6XB0
507,6XB1
508,6XB2
509,6XBG
510,6XBH
511,6XBI
512,6XCH
513,6XCM
514,6XCN
515,6XDC
516,6XDH
517,6XEY
518,6XEZ
519,6XF5
520,6XF6
521,6XFN
522,6XG3
523,6XHM
524,6XHU
525,6XIP
526,6XKF
527,6XKH
528,6XKL
529,6XKM
530,6XLU
531,6XM0
532,6XM3
533,6XM4
534,6XM5
535,6XMK
536,6XOA
537,6XQB
538,6XQS
539,6XQT
540,6XQU
541,6XR3
542,6XR8
543,6XRA
544,6XS6
545,6Y2E
546,6Y2F
547,6Y2G
548,6Y84
549,6YB7
550,6YHU
551,6YI3
552,6YNQ
553,6YUN
554,6YVA
555,6YVF
556,6YWK
557,6YWL
558,6YWM
559,6YYT
560,6YZ1
561,6Z2E
562,6Z43
563,6Z4U
564,6Z5T
565,6Z6I
566,6Z72
567,6Z97
568,6ZB4
569,6ZB5
570,6ZCO
571,6ZCT
572,6ZDH
573,6ZGE
574,6ZGG
575,6ZGH
576,6ZGI
577,6ZHD
578,6ZLW
579,6ZM7
580,6ZME
581,6ZMI
582,6ZMO
583,6ZMT
584,6ZN5
585,6ZOJ
586,6ZOK
587,6ZON
588,6ZOW
589,6ZOX
590,6ZOY
591,6ZOZ
592,6ZP0
593,6ZP1
594,6ZP2
595,6ZP4
596,6ZP5
597,6ZP7
598,6ZPE
599,6ZRT
600,6ZRU
601,6ZSL
602,6ZWV
603,6ZXN
604,7A1U
605,7A25
606,7A29
607,7A4N
608,7A93
609,7A94
610,7A95
611,7A96
612,7A97
613,7A98
614,7AAP
615,7ABU
616,7ACS
617,7ACT
618,7AD1
619,7ADW
620,7AEG
621,7AF0
622,7AGA
623,7AHA
624,7AK4
625,7AKD
626,7AKU
627,7ALH
628,7ALI
629,7AMJ
630,7ANS
631,7AOL
632,7AP6
633,7APH
634,7AQE
635,7AQI
636,7AQJ
637,7AR5
638,7AR6
639,7ARF
640,7AVD
641,7AWR
642,7AWS
643,7AWU
644,7AWW
645,7AX6
646,7AXM
647,7AXO
648,7AY7
649,7B18
650,7B3B
651,7B3C
652,7B3D
653,7B3E
654,7B83
655,7BAJ
656,7BAK
657,7BAL
658,7BB2
659,7BE7
660,7BF3
661,7BF4
662,7BF5
663,7BF6
664,7BFB
665,7BGP
666,7BNM
667,7BNN
668,7BNO
669,7BQ7
670,7BQY
671,7BRO
672,7BRP
673,7BTF
674,7BUY
675,7BV1
676,7BV2
677,7BW4
678,7BYR
679,7BZF
680,7C22
681,7C2I
682,7C2J
683,7C2K
684,7C2L
685,7C2Q
686,7C2Y
687,7C33
688,7C53
689,7C6S
690,7C6U
691,7C7P
692,7C8B
693,7C8R
694,7C8T
695,7C8U
696,7CA8
697,7CAB
698,7CAC
699,7CAI
700,7CAK
701,7CAM
702,7CB7
703,7CBT
704,7CDZ
705,7CE0
706,7CHH
707,7CI3
708,7CJD
709,7CJM
710,7CMD
711,7CN4
712,7CN9
713,7COM
714,7COT
715,7CR5
716,7CT5
717,7CTT
718,7CUT
719,7CUU
720,7CWB
721,7CWC
722,7CWL
723,7CWM
724,7CWN
725,7CWS
726,7CWT
727,7CWU
728,7CX9
729,7CXM
730,7CXN
731,7CYP
732,7CYQ
733,7CZ4
734,7CZP
735,7CZQ
736,7CZR
737,7CZS
738,7CZT
739,7CZU
740,7CZV
741,7CZW
742,7CZX
743,7CZY
744,7CZZ
745,7D00
746,7D03
747,7D0B
748,7D0C
749,7D0D
750,7D1M
751,7D1O
752,7D3I
753,7D47
754,7D4F
755,7D6H
756,7D7K
757,7D7L
758,7DCC
759,7DCD
760,7DCX
761,7DD2
762,7DD8
763,7DDD
764,7DDN
765,7DE1
766,7DF3
767,7DF4
768,7DHG
769,7DIY
770,7DJR
771,7DK1
772,7DK3
773,7DK4
774,7DK5
775,7DK6
776,7DK7
777,7DPP
778,7DPU
779,7DPV
780,7DWX
781,7DWY
782,7DWZ
783,7DX0
784,7DX1
785,7DX2
786,7DX3
787,7DX5
788,7DX6
789,7DX7
790,7DX8
791,7DX9
792,7DZW
793,7DZY
794,7E18
795,7E19
796,7E35
797,7E3K
798,7E3L
799,7E7B
800,7E7D
801,7E8C
802,7EAZ
803,7EB0
804,7EB3
805,7EB4
806,7EB5
807,7EDF
808,7EDG
809,7EDH
810,7EDI
811,7EDJ
812,7EGQ
813,7EH5
814,7EIN
815,7EIZ
816,7EJ4
817,7EJ5
818,7EK6
819,7EQ4
820,7EXM
821,7F2B
822,7FAY
823,7FAZ
824,7JFQ
825,7JHE
826,7JIB
827,7JIR
828,7JIT
829,7JIV
830,7JIW
831,7JJI
832,7JJJ
833,7JKV
834,7JLT
835,7JME
836,7JN2
837,7JOY
838,7JP1
839,7JPE
840,7JPY
841,7JPZ
842,7JQ0
843,7JQ1
844,7JQ2
845,7JQ3
846,7JQ4
847,7JQ5
848,7JQB
849,7JQC
850,7JR3
851,7JR4
852,7JRN
853,7JST
854,7JSU
855,7JT0
856,7JT7
857,7JTL
858,7JU7
859,7JUN
860,7JV4
861,7JV6
862,7JVC
863,7JVZ
864,7JW0
865,7JW8
866,7JWB
867,7JWY
868,7JX6
869,7JYC
870,7JYY
871,7JZ0
872,7JZL
873,7JZN
874,7K0E
875,7K0F
876,7K0R
877,7K1L
878,7K1O
879,7K3G
880,7K3N
881,7K3T
882,7K40
883,7K43
884,7K4N
885,7K5I
886,7K6D
887,7K6E
888,7K7P
889,7K8S
890,7K8T
891,7K8U
892,7K8V
893,7K8W
894,7K8X
895,7K8Y
896,7K8Z
897,7K90
898,7K9P
899,7KAG
900,7KDG
901,7KDH
902,7KDI
903,7KDJ
904,7KDK
905,7KDL
906,7KDT
907,7KE4
908,7KE6
909,7KE7
910,7KE8
911,7KE9
912,7KEA
913,7KEB
914,7KEC
915,7KEG
916,7KEH
917,7KF4
918,7KFI
919,7KG3
920,7KGO
921,7KGP
922,7KGQ
923,7KGR
924,7KGS
925,7KGT
926,7KHP
927,7KJ2
928,7KJ3
929,7KJ4
930,7KJ5
931,7KJR
932,7KKK
933,7KKL
934,7KL9
935,7KMK
936,7KML
937,7KMS
938,7KMZ
939,7KNB
940,7KNE
941,7KNH
942,7KNI
943,7KOA
944,7KOJ
945,7KOK
946,7KOL
947,7KPH
948,7KQB
949,7KQE
950,7KQO
951,7KQP
952,7KQW
953,7KR0
954,7KR1
955,7KRI
956,7KRN
957,7KRO
958,7KRP
959,7KRQ
960,7KRR
961,7KRS
962,7KRX
963,7KS9
964,7KSG
965,7KVL
966,7KVR
967,7KX5
968,7KXB
969,7KXJ
970,7KXK
971,7KYU
972,7L02
973,7L06
974,7L09
975,7L0D
976,7L10
977,7L11
978,7L12
979,7L13
980,7L14
981,7L1F
982,7L2D
983,7L2E
984,7L2F
985,7L3N
986,7L56
987,7L57
988,7L58
989,7L5D
990,7L6R
991,7L6T
992,7L7K
993,7L8I
994,7L8J
995,7LAA
996,7LAB
997,7LB7
998,7LBN
999,7LBR
1000,7LBS
1001,7LC8
1002,7LCN
1003,7LCO
1004,7LCS
1005,7LCT
1006,7LD1
1007,7LDL
1008,7LDX
1009,7LFE
1010,7LFP
1011,7LFZ
1012,7LG2
1013,7LG3
1014,7LG7
1015,7LGD
1016,7LGO
1017,7LJR
1018,7LKD
1019,7LKE
1020,7LKR
1021,7LKS
1022,7LKT
1023,7LKU
1024,7LKV
1025,7LKW
1026,7LKX
1027,7LLF
1028,7LLZ
1029,7LMC
1030,7LMD
1031,7LME
1032,7LMF
1033,7LOS
1034,7LQV
1035,7LQW
1036,7LRT
1037,7LS9
1038,7LSS
1039,7LTJ
1040,7LTU
1041,7LUX
1042,7LUZ
1043,7LV2
1044,7LW3
1045,7LW4
1046,7LWI
1047,7LWJ
1048,7LWK
1049,7LWL
1050,7LWM
1051,7LWN
1052,7LWO
1053,7LWP
1054,7LWQ
1055,7LWS
1056,7LWT
1057,7LWU
1058,7LWV
1059,7LWW
1060,7LXY
1061,7LXZ
1062,7LY2
1063,7LYH
1064,7LYI
1065,7LYK
1066,7LYL
1067,7LYM
1068,7LYN
1069,7LYO
1070,7LYP
1071,7LYQ
1072,7LZT
1073,7LZU
1074,7LZV
1075,7LZW
1076,7LZX
1077,7LZY
1078,7LZZ
1079,7M00
1080,7M01
1081,7M02
1082,7M03
1083,7M04
1084,7M0J
1085,7M1Y
1086,7M2P
1087,7M4R
1088,7M53
1089,7M6E
1090,7M6F
1091,7M6G
1092,7M6H
1093,7M6I
1094,7M8K
1095,7M8M
1096,7M8N
1097,7M8O
1098,7M8P
1099,7M8U
1100,7M8X
1101,7M8Y
1102,7M8Z
1103,7M90
1104,7M91
1105,7MBG
1106,7MBI
1107,7MC5
1108,7MC6
1109,7ME0
1110,7MGR
1111,7MGS
1112,7MHF
1113,7MHG
1114,7MHH
1115,7MHI
1116,7MHJ
1117,7MHK
1118,7MHL
1119,7MHM
1120,7MHN
1121,7MHO
1122,7MHP
1123,7MHQ
1124,7MJG
1125,7MJH
1126,7MJJ
1127,7MJK
1128,7MJM
1129,7MKL
1130,7MM0
1131,7MNG
1132,7MPB
1133,7MRR
1134,7MSW
1135,7MSX
1136,7MTC
1137,7MTD
1138,7MTE
1139,7MY2
1140,7MY3
1141,7MY8
1142,7N06
1143,7N0B
1144,7N0C
1145,7N0D
1146,7N0G
1147,7N0H
1148,7N0I
1149,7N0R
1150,7N1B
1151,7N1E
1152,7N1Q
1153,7N1T
1154,7N1U
1155,7N1V
1156,7N1W
1157,7N1X
1158,7N1Y
1159,7N33
1160,7N3C
1161,7N3D
1162,7N44
1163,7N5Z
1164,7N6N
1165,7N7R
1166,7N7U
1167,7N7W
1168,7N7Y
1169,7N83
1170,7N89
1171,7N8C
1172,7N8H
1173,7N9B
1174,7N9C
1175,7N9E
1176,7NBR
1177,7NBS
1178,7NBY
1179,7ND3
1180,7ND4
1181,7ND5
1182,7ND6
1183,7ND7
1184,7ND8
1185,7ND9
1186,7NDA
1187,7NDB
1188,7NDC
1189,7NDD
1190,7NEV
1191,7NF5
1192,7NFV
1193,7NG3
1194,7NG6
1195,7NIO
1196,7NN0
1197,7NNG
1198,7NT1
1199,7NT2
1200,7NT3
1201,7NT9
1202,7NTA
1203,7NTC
1204,7NTK
1205,7NTV
1206,7NUK
1207,7NW2
1208,7O7Y
1209,7O7Z
1210,7O80
1211,7O81
1212,7OAN
1213,7OFS
1214,7OFT
1215,7OFU
1216,7OYG
1217,7OZU
1218,7OZV
1219,7P77
1220,7P78
1221,7P79
1222,7P7A
1223,7P7B
1224,7R7H
1225,7R8M
1226,7R8N
1227,7R8O
1228,7R98
1229,7RA8
1230,7RB0
1231,7RB2
1232,7RKV
1233,7RN0
1234,7RN1
1235,7RNJ
1236,7RQG
1237,7RW2
1238,7RZC
1239,7S3K
1240,7S3S
1241,7S4B
