,0
0,6LU7
1,6LVN
2,6LXT
3,6VSB
4,6VW1
5,6VWW
6,6VXS
7,6Y2E
8,6Y2F
9,6Y2G
10,5R7Y
11,5R7Z
12,5R80
13,5R81
14,5R82
15,5R83
16,5R84
17,6M03
18,6M17
19,6VXX
20,6VYB
21,6VYO
22,6W01
23,6W02
24,6Y84
25,6LZG
26,6M0J
27,6M3M
28,6W4B
29,6W4H
30,5RE4
31,5RE5
32,5RE6
33,5RE7
34,5RE8
35,5RE9
36,5REA
37,5REB
38,5REC
39,5RED
40,5REE
41,5REF
42,5REG
43,5REH
44,5REI
45,5REJ
46,5REK
47,5REL
48,5REM
49,5REN
50,5REO
51,5REP
52,5RER
53,5RES
54,5RET
55,5REU
56,5REV
57,5REW
58,5REX
59,5REY
60,5REZ
61,5RF0
62,5RF1
63,5RF2
64,5RF3
65,5RF4
66,5RF5
67,5RF6
68,5RF7
69,5RF8
70,5RF9
71,5RFA
72,5RFB
73,5RFC
74,5RFD
75,5RFE
76,5RFF
77,5RFG
78,5RFH
79,5RFI
80,5RFJ
81,5RFK
82,5RFL
83,5RFM
84,5RFN
85,5RFO
86,5RFP
87,5RFQ
88,5RFR
89,5RFS
90,5RFT
91,5RFU
92,5RFV
93,5RFW
94,5RFX
95,5RFY
96,5RFZ
97,5RG0
98,6W41
99,6W61
100,6W63
101,6W6Y
102,6W75
103,6YB7
104,5R8T
105,6M71
106,6W9C
107,6W9Q
108,6YI3
109,7BTF
110,5RG1
111,5RG2
112,5RG3
113,5RGG
114,5RGH
115,5RGI
116,5RGJ
117,5RGK
118,5RGL
119,5RGM
120,5RGN
121,5RGO
122,5RGP
123,5RGQ
124,5RGR
125,5RGS
126,6M2N
127,6M2Q
128,6WCF
129,6WEN
130,6YLA
131,6WIQ
132,6WJI
133,6WJT
134,7BQY
135,7BV1
136,7BV2
137,6LZE
138,6M0K
139,6W37
140,6WEY
141,6WKP
142,6WKQ
143,6WLC
144,6YHU
145,6YM0
146,6YNQ
147,6YOR
148,7BUY
149,6WKS
150,6WNP
151,6WOJ
152,6WQ3
153,6WQD
154,6WQF
155,6WRH
156,6YWK
157,6YWL
158,6YWM
159,6WRZ
160,6WTC
161,6WVN
162,6YVA
163,6YYT
164,6YZ1
165,7BRO
166,7BRP
167,7BZ5
168,6WTJ
169,6WTK
170,6WTM
171,6WTT
172,6WUU
173,6WX4
174,6WXC
175,6WXD
176,6YUN
177,6YVF
178,7C22
179,5RGT
180,5RGU
181,5RGV
182,5RGW
183,5RGX
184,5RGY
185,5RGZ
186,5RH0
187,5RH1
188,5RH2
189,5RH3
190,5RH4
191,5RH5
192,5RH6
193,5RH7
194,5RH8
195,5RH9
196,5RHA
197,6WPS
198,6WPT
199,6WZO
200,6WZQ
201,6WZU
202,6X1B
203,6X29
204,6X2A
205,6X2B
206,6X2C
207,7BW4
208,7C01
209,7C2I
210,7C2J
211,6M1V
212,6X4I
213,6YZ5
214,6YZ7
215,6Z2M
216,6Z43
217,7BWJ
218,7BZF
219,7C2K
220,5RHB
221,5RHC
222,5RHD
223,5RHE
224,5RHF
225,6X6P
226,7BYR
227,6M5I
228,6XA4
229,6XA9
230,6XAA
231,6XB0
232,6XB1
233,6XB2
234,6XBG
235,6XBH
236,6XBI
237,6XCH
238,6XDC
239,6XDH
240,6Z2E
241,6Z4U
242,7BQ7
243,7C8R
244,7C8T
245,6XDG
246,6XFN
247,6XG3
248,6ZCT
249,6ZCZ
250,6ZER
251,7C8U
252,7C8V
253,7C8W
254,7CAN
255,6XCM
256,6XCN
257,6XE1
258,6XHU
259,6XIP
260,6Z97
261,6ZCO
262,6ZDH
263,6ZGE
264,6ZGG
265,6ZGH
266,6ZGI
267,7C2L
268,6XC2
269,6XC3
270,6XC4
271,6XC7
272,6XHM
273,6XKF
274,6XKH
275,6XKM
276,6XMK
277,6ZFO
278,6XKL
279,6XOA
280,6XEY
281,6XQS
282,6XQT
283,6XQU
284,6XR8
285,6XRA
286,6XS6
287,6ZOJ
288,6ZOX
289,6ZOY
290,6ZOZ
291,6ZP0
292,6ZP1
293,6ZP2
294,6XEZ
295,6XM5
296,6XQB
297,6ZBP
298,6ZDG
299,6ZHD
300,6ZLW
301,6ZM7
302,6ZN5
303,6ZOK
304,6ZON
305,6ZOW
306,6ZP4
307,6ZP5
308,6ZP7
309,6ZSL
310,7C7P
311,7JFQ
312,6WC1
313,6ZWV
314,7JIR
315,7JIT
316,7JIV
317,7JIW
318,6XLU
319,6XM0
320,6XM3
321,6XM4
322,6ZME
323,6ZRT
324,6ZRU
325,7CAH
326,7JN2
327,6X79
328,6XR3
329,6XRZ
330,6ZMI
331,6ZMO
332,6ZMT
333,7COM
334,6W79
335,7CN9
336,7JHE
337,7JIB
338,7JJI
339,7JJJ
340,7JLT
341,7JMO
342,7JMP
343,7JPE
344,7JR3
345,7JR4
346,7JRN
347,7JTL
348,6XF5
349,6XF6
350,6ZH9
351,7C2Q
352,7C2Y
353,7C6S
354,7C6U
355,7C8B
356,7C8D
357,7CBT
358,7CDZ
359,7CE0
360,7CJD
361,7CJM
362,7CMD
363,7CTT
364,7JME
365,7JUN
366,7JU7
367,7JYC
368,7A5R
369,7A5S
370,7A91
371,7A93
372,7A94
373,7A95
374,7A96
375,7A97
376,7CH4
377,7CH5
378,7CHB
379,7CHC
380,7CHE
381,7CHF
382,7CHH
383,7CX9
384,7JVZ
385,7JYY
386,7JZ0
387,6ZXN
388,7A98
389,7AAP
390,7CAI
391,7CAK
392,7D1O
393,7JKV
394,7JX6
395,7JZL
396,7JZM
397,7JZN
398,7JZU
399,7K1L
400,7K1O
401,7K3T
402,7K40
403,5RL6
404,5RL7
405,5RL8
406,5RL9
407,5RLB
408,5RLC
409,5RLD
410,5RLE
411,5RLF
412,5RLG
413,5RLH
414,5RLI
415,5RLJ
416,5RLK
417,5RLL
418,5RLM
419,5RLN
420,5RLO
421,5RLP
422,5RLQ
423,5RLR
424,5RLS
425,5RLT
426,5RLU
427,5RLV
428,5RLW
429,5RLY
430,5RLZ
431,5RM0
432,5RM1
433,5RM2
434,5RM3
435,5RM4
436,5RM5
437,5RM6
438,5RM7
439,5RM8
440,5RM9
441,5RMA
442,5RMB
443,5RMC
444,5RMD
445,5RME
446,5RMF
447,5RMG
448,5RMH
449,5RMI
450,5RMJ
451,5RMK
452,5RML
453,5RMM
454,6ZB4
455,6ZB5
456,7A92
457,7CWB
458,7CWC
459,7K3G
460,7K3N
461,7K6D
462,7K6E
463,7K7P
464,7D3I
465,7D47
466,7JOY
467,7JP1
468,7JWB
469,7K43
470,7K45
471,7K4N
472,6XKP
473,6XKQ
474,6ZPE
475,7JMW
476,7JV2
477,7JV4
478,7JV6
479,7JVA
480,7JVC
481,7JW0
482,7JX3
483,7K5I
484,7KAG
485,7A29
486,7K8M
487,7K8S
488,7K8T
489,7K8U
490,7K8V
491,7K8W
492,7K8X
493,7K8Y
494,7K8Z
495,7K90
496,7K9P
497,7KDT
498,7ACT
499,7AKU
500,7D1M
501,7JJC
502,7K9Z
503,7KFI
504,7KG3
505,7KHP
506,7A4N
507,7ACS
508,7AD1
509,7CXM
510,7CXN
511,7D6H
512,7KDG
513,7KDH
514,7KDI
515,7KDJ
516,7KDK
517,7KDL
518,7KE4
519,7KE6
520,7KE7
521,7KE8
522,7KE9
523,7KEA
524,7KEB
525,7KEC
526,7C33
527,7CJF
528,7CZ4
529,7D4F
530,7KJ2
531,7KJ3
532,7KJ4
533,7KJ5
534,7KKK
535,7KKL
536,7KL9
537,7CDI
538,7CDJ
539,7CT5
540,7KJR
541,7KOA
542,7KOJ
543,7KOK
544,7KOL
545,7KPH
546,5S6X
547,5S6Y
548,5S6Z
549,5S70
550,5S71
551,5S72
552,7A25
553,7DDD
554,7DDN
555,7JWY
556,5RL0
557,5RL1
558,5RL2
559,5RL3
560,5RL4
561,5RL5
562,6Z5T
563,6Z6I
564,6Z72
565,7A1U
566,7ABU
567,7ADW
568,7AF0
569,7AGA
570,7AHA
571,7AK4
572,7ALH
573,7ALI
574,7AMJ
575,7ANS
576,7AOL
577,7AP6
578,7APH
579,7AQI
580,7AQJ
581,7AR5
582,7AR6
583,7ARF
584,7AVD
585,7AWR
586,7AWS
587,7AWU
588,7AWW
589,7AX6
590,7AXM
591,7AXO
592,7AY7
593,7DCC
594,7DCX
595,7DD2
596,7DD8
597,7DK4
598,7DK5
599,7DK6
600,7DK7
601,7JQB
602,7JQC
603,7JVB
604,7KEG
605,7KEH
606,7KF4
607,7KFV
608,7KFW
609,7KFX
610,7KFY
611,7KRX
612,7CYQ
613,7K0R
614,7KMB
615,7KMS
616,7KMZ
617,7KNB
618,7KQO
619,7KQP
620,7KQW
621,7KR0
622,7KR1
623,7KVL
624,7KVR
625,5RS7
626,5RS8
627,5RS9
628,5RSB
629,5RSC
630,5RSD
631,5RSE
632,5RSF
633,5RSG
634,5RSH
635,5RSI
636,5RSJ
637,5RSK
638,5RSL
639,5RSM
640,5RSN
641,5RSO
642,5RSP
643,5RSQ
644,5RSR
645,5RSS
646,5RST
647,5RSU
648,5RSV
649,5RSW
650,5RSX
651,5RSY
652,5RSZ
653,5RT0
654,5RT1
655,5RT2
656,5RT3
657,5RT4
658,5RT5
659,5RT6
660,5RT7
661,5RT8
662,5RT9
663,5RTA
664,5RTB
665,5RTC
666,5RTD
667,5RTE
668,5RTF
669,5RTG
670,5RTH
671,5RTI
672,5RTJ
673,5RTK
674,5RTL
675,5RTM
676,5RTN
677,5RTO
678,5RTP
679,5RTQ
680,5RTR
681,5RTS
682,5RTT
683,5RTU
684,5RTV
685,5RTW
686,5RTX
687,5RTY
688,5RTZ
689,5RU0
690,5RU1
691,5RU2
692,5RU3
693,5RU4
694,5RU5
695,5RU6
696,5RU7
697,5RU8
698,5RU9
699,5RUA
700,5RUC
701,5RUD
702,5RUE
703,5RUF
704,5RUG
705,5RUH
706,5RUI
707,5RUJ
708,5RUK
709,5RUL
710,5RUM
711,5RUN
712,5RUO
713,5RUP
714,5RUQ
715,5RUR
716,5RUS
717,5RUT
718,5RUU
719,5RUV
720,5RUW
721,5RUX
722,5RUY
723,5RUZ
724,5RV0
725,5RV1
726,5RV2
727,5RV3
728,5RV4
729,5RV5
730,5RV6
731,5RV7
732,5RV8
733,5RV9
734,5RVA
735,5RVB
736,5RVC
737,5RVD
738,5RVE
739,5RVF
740,5RVG
741,5RVH
742,5RVI
743,5RVJ
744,5RVK
745,5RVL
746,5RVM
747,5RVN
748,5RVO
749,5RVP
750,5RVQ
751,5RVR
752,5RVS
753,5RVT
754,5RVU
755,5RVV
756,7B3O
757,7CAB
758,7CWM
759,7CWN
760,7CWO
761,7CWS
762,7CWU
763,7DF3
764,7DF4
765,7DK3
766,7KNE
767,7KNH
768,7KNI
769,7KX5
770,7KYU
771,6ZLR
772,7B3B
773,7B3C
774,7B3D
775,7DMU
776,7JPY
777,7JPZ
778,7JQ0
779,7JQ1
780,7JQ2
781,7JQ3
782,7JQ4
783,7JQ5
784,7L02
785,7L06
786,7L09
787,7L5D
788,7L6R
789,7L6T
790,5S18
791,5S1A
792,5S1C
793,5S1E
794,5S1G
795,5S1I
796,5S1K
797,5S1M
798,5S1O
799,5S1Q
800,5S1S
801,5S1U
802,5S1W
803,5S1Y
804,5S20
805,5S22
806,5S24
807,5S26
808,5S27
809,5S28
810,5S29
811,5S2A
812,5S2B
813,5S2C
814,5S2D
815,5S2E
816,5S2F
817,5S2G
818,5S2H
819,5S2I
820,5S2J
821,5S2K
822,5S2L
823,5S2M
824,5S2N
825,5S2O
826,5S2P
827,5S2Q
828,5S2R
829,5S2S
830,5S2T
831,5S2U
832,5S2V
833,5S2W
834,5S2X
835,5S2Y
836,5S2Z
837,5S30
838,5S31
839,5S32
840,5S33
841,5S34
842,5S35
843,5S36
844,5S37
845,5S38
846,5S39
847,5S3A
848,5S3B
849,5S3C
850,5S3D
851,5S3E
852,5S3F
853,5S3G
854,5S3H
855,5S3I
856,5S3J
857,5S3K
858,5S3L
859,5S3M
860,5S3N
861,5S3O
862,5S3P
863,5S3Q
864,5S3R
865,5S3S
866,5S3T
867,5S3U
868,5S3V
869,5S3W
870,5S3X
871,5S3Y
872,5S3Z
873,5S40
874,5S41
875,5S42
876,5S43
877,5S44
878,5S45
879,5S46
880,5S47
881,5S48
882,5S49
883,5S4A
884,5S4B
885,5S4C
886,5S4D
887,5S4E
888,5S4F
889,5S4G
890,5S4H
891,5S4I
892,5S4J
893,5S4K
894,5S73
895,5S74
896,7B3E
897,7B83
898,7BF3
899,7BF4
900,7BF5
901,7BF6
902,7K0F
903,7CM4
904,7KGO
905,7KGP
906,7KGQ
907,7KGR
908,7KGS
909,7KGT
910,7KN5
911,7KN6
912,7KN7
913,7KSG
914,7LB7
915,7LDX
916,7C8J
917,7CWL
918,7DE1
919,7KMG
920,7KMH
921,7KMI
922,7LCN
923,7LD1
924,7LGO
925,7BNM
926,7BNN
927,7BNO
928,7KGJ
929,7KGK
930,7KLW
931,7KXJ
932,7KXK
933,7KZB
934,7L3N
935,7LFE
936,7LFP
937,7LFZ
938,7LG0
939,7LG2
940,7LG3
941,7B17
942,7KLG
943,7KLH
944,7KMK
945,7KML
946,7KS9
947,7L0D
948,7L1F
949,7L2C
950,7L5B
951,7BH9
952,7D2Z
953,7D30
954,7DPM
955,7KXB
956,7L0N
957,7LG7
958,7LKR
959,7LKS
960,7LKT
961,7LKU
962,7LKV
963,7LKW
964,7LKX
965,7CAC
966,7L7F
967,7L7K
968,7LBN
969,7LBR
970,7LBS
971,7LLF
972,7LLZ
973,7LOS
974,7NFV
975,7AQE
976,7BB2
977,7BE7
978,7BEH
979,7BEI
980,7BEJ
981,7BEK
982,7BEL
983,7BEM
984,7BEN
985,7BEO
986,7BEP
987,7BFB
988,7BGP
989,7CI3
990,7JST
991,7L10
992,7L11
993,7L12
994,7L13
995,7L14
996,7LOP
997,7LTJ
998,7NBR
999,7NBS
1000,7NBY
1001,7ND3
1002,7ND4
1003,7ND5
1004,7ND6
1005,7ND7
1006,7ND8
1007,7ND9
1008,7NDA
1009,7NDB
1010,7NDC
1011,7NDD
1012,7NEG
1013,7NEH
1014,7NEV
1015,5ROB
1016,7CZP
1017,7CZQ
1018,7CZR
1019,7CZS
1020,7CZT
1021,7CZU
1022,7CZV
1023,7CZW
1024,7CZX
1025,7CZY
1026,7CZZ
1027,7D00
1028,7D03
1029,7D0B
1030,7D0C
1031,7D0D
1032,7JSU
1033,7JT0
1034,7JW8
1035,7LAB
1036,7E35
1037,7EAM
1038,7JT7
1039,7LAA
1040,7LS9
1041,7LSS
1042,7LTU
1043,7LUX
1044,7LUZ
1045,7LV2
1046,7LYH
1047,7LYI
1048,7NIO
1049,7CR5
1050,7DCD
1051,7E7B
1052,7E7D
1053,7KRR
1054,7KRS
1055,7L2D
1056,7L2E
1057,7L2F
1058,7LQV
1059,7LQW
1060,7LZT
1061,7LZU
1062,7LZV
1063,7LZW
1064,7LZX
1065,7LZY
1066,7LZZ
1067,7M00
1068,7M01
1069,7M02
1070,7M03
1071,7M04
1072,7M1Y
1073,7NN0
1074,7DEO
1075,7DET
1076,7DEU
1077,7DWX
1078,7DWY
1079,7DWZ
1080,7DX0
1081,7DX1
1082,7DX2
1083,7DX3
1084,7DX5
1085,7DX6
1086,7DX7
1087,7DX8
1088,7DX9
1089,7EAN
1090,7KRQ
1091,7LJR
1092,7LM8
1093,7LO4
1094,7LWI
1095,7LWJ
1096,7LWK
1097,7LWL
1098,7LWM
1099,7LWN
1100,7LWO
1101,7LWP
1102,7LWQ
1103,7LWS
1104,7LWT
1105,7LWU
1106,7LWV
1107,7LWW
1108,7LYK
1109,7LYL
1110,7LYM
1111,7LYN
1112,7LYO
1113,7LYP
1114,7LYQ
1115,7M0J
1116,7M4R
1117,7CA8
1118,7D4G
1119,7E3J
1120,7MBG
1121,7NF5
1122,7NG3
1123,7NG6
1124,7NNG
1125,7NX6
1126,7NX7
1127,7NX8
1128,7NX9
1129,7NXA
1130,7NXB
1131,7NXC
1132,7L56
1133,7L57
1134,7L58
1135,7LKD
1136,7LKE
1137,7LMC
1138,7LXW
1139,7LXX
1140,7LXY
1141,7LXZ
1142,7LY0
1143,7LY2
1144,7LY3
1145,7ME0
1146,7D7K
1147,7D7L
1148,7DX4
1149,7KRN
1150,7KRO
1151,7KRP
1152,7LGD
1153,7B14
1154,7B18
1155,7B62
1156,7NT9
1157,7NTA
1158,7NTC
1159,7CAM
1160,7CB7
1161,7E23
1162,7LDJ
1163,7LW3
1164,7LW4
1165,7LX5
1166,7M6D
1167,7M6E
1168,7M6F
1169,7M6G
1170,7M6H
1171,7M6I
1172,7M7W
1173,7M8K
1174,7MC5
1175,7MC6
1176,7B27
1177,7DHG
1178,7DPP
1179,7DPU
1180,7DPV
1181,7M3I
1182,7MF1
1183,7MHF
1184,7MHG
1185,7MHH
1186,7MHI
1187,7MHJ
1188,7MHK
1189,7MHL
1190,7MHM
1191,7MHN
1192,7MHO
1193,7MHP
1194,7MHQ
1195,7MJG
1196,7MJH
1197,7MJI
1198,7MJJ
1199,7MJK
1200,7MJL
1201,7MJM
1202,7MJN
1203,7MKL
1204,7MKM
1205,7MMO
1206,7MNG
1207,7MPB
1208,7NKT
1209,7OFS
1210,7OFT
1211,7OFU
1212,7AKD
1213,7C53
1214,7CHO
1215,7CHP
1216,7CHS
1217,7DIY
1218,7M8J
1219,7MRR
1220,7E8M
1221,7KQB
1222,7KQE
1223,7LYJ
1224,7M53
1225,7M71
1226,7M7B
1227,7MKB
1228,7MKY
1229,7MSW
1230,7MSX
1231,7BAJ
1232,7BAK
1233,7BAL
1234,7DZW
1235,7DZX
1236,7DZY
1237,7MFU
1238,7N06
1239,7N0G
1240,7N0H
1241,7N0R
1242,7O7Y
1243,7O7Z
1244,7O80
1245,7O81
1246,5SA4
1247,5SA5
1248,5SA6
1249,5SA7
1250,5SA8
1251,5SA9
1252,5SAA
1253,5SAB
1254,5SAC
1255,5SAD
1256,5SAE
1257,5SAF
1258,5SAG
1259,5SAH
1260,5SAI
1261,7CYH
1262,7CYP
1263,7DJZ
1264,7DK0
1265,7E7X
1266,7E7Y
1267,7E86
1268,7E88
1269,7E8C
1270,7E8F
1271,7EK6
1272,7EQ4
1273,7N0I
1274,7N33
1275,7DJR
1276,7EXM
1277,7MY2
1278,7MY3
1279,7N5Z
1280,7N6N
1281,7NT1
1282,7NT2
1283,7NT3
1284,7NTK
1285,7NTV
1286,7NUK
1287,7CUT
1288,7CUU
1289,7CWT
1290,7E18
1291,7E19
1292,7E5Y
1293,7EAZ
1294,7EB0
1295,7EB3
1296,7EB4
1297,7EB5
1298,7EJ4
1299,7EJ5
1300,7LC8
1301,7M8S
1302,7M8T
1303,7M8U
1304,7MGR
1305,7MGS
1306,7N89
1307,7N8C
1308,7DK1
1309,7L4Z
1310,7M8M
1311,7M8N
1312,7M8O
1313,7M8P
1314,7M8X
1315,7M8Y
1316,7M8Z
1317,7M90
1318,7M91
1319,7AEG
1320,7AEH
1321,7EIN
1322,7K0E
1323,7LCO
1324,7LCS
1325,7LCT
1326,7LDL
1327,7N1Q
1328,7N1T
1329,7N1U
1330,7N1V
1331,7N1W
1332,7N1X
1333,7N1Y
1334,7N3C
1335,7N3D
1336,7NW2
1337,7OR9
1338,7ORA
1339,7ORB
1340,7R98
1341,7LRS
1342,7LRT
1343,7N8H
1344,7N8I
1345,7RB0
1346,7RB2
1347,7BWQ
1348,7EGQ
1349,7FAY
1350,7FAZ
1351,7KRI
1352,7MBI
1353,7N44
1354,7P35
1355,7R6W
1356,7R6X
1357,7R7N
1358,7M42
1359,7MLZ
1360,7MM0
1361,7N0B
1362,7N0C
1363,7N0D
1364,7N1A
1365,7N1B
1366,7N1E
1367,7N1F
1368,7N6D
1369,7N6E
1370,7P3D
1371,7F62
1372,7F63
1373,7KM5
1374,7N3I
1375,7N62
1376,7N64
1377,7N9A
1378,7N9B
1379,7N9C
1380,7N9E
1381,7P77
1382,7P78
1383,7P79
1384,7P7A
1385,7P7B
1386,7R8L
1387,7R8M
1388,7R8N
1389,7R8O
1390,7RA8
1391,7RAL
1392,7LMD
1393,7LME
1394,7LMF
1395,7MDW
1396,7ME7
1397,7MEJ
1398,7MLX
1399,7N9T
1400,7OAN
1401,7OAO
1402,7OAP
1403,7OAQ
1404,7OAU
1405,7OAY
1406,7OLZ
1407,7RN0
1408,7RNJ
1409,7COT
1410,7MY8
1411,7OZU
1412,7OZV
1413,7RQG
1414,7EU2
1415,7F4W
1416,7FDG
1417,7FDH
1418,7FDI
1419,7FDK
1420,7M2P
1421,7OYG
1422,7E39
1423,7E3B
1424,7E3C
1425,7EDF
1426,7EDG
1427,7EDH
1428,7EDI
1429,7EDJ
1430,7EH5
1431,7F2B
1432,7L7D
1433,7L7E
1434,7R7H
1435,7RW2
1436,7E5O
1437,7EY0
1438,7EY4
1439,7EY5
1440,7EYA
1441,7EZV
1442,7N7R
1443,7N7U
1444,7N7W
1445,7N7Y
1446,7N83
1447,7RN1
1448,7RZC
1449,7CYV
1450,7E3K
1451,7E3L
1452,7E3O
1453,7LQ7
1454,7MTC
1455,7MTD
1456,7MTE
1457,7S3K
1458,7S3S
1459,7S4B
1460,7EIZ
1461,7KN3
1462,7KN4
1463,7L8I
1464,7L8J
1465,7RKU
1466,7RKV
1467,7S4S
1468,7D64
1469,7DHX
1470,7FG2
1471,7FG3
1472,7FG7
1473,7K9H
1474,7K9I
