label,accession,type,start,end,notes
2'-O-methyltransferase nsp16,P0DTD1,1,1,1,1
3C-like proteinase nsp5,P0DTC1,1,1,1,1
3C-like proteinase nsp5,P0DTD1,1,1,1,1
5r7y,P0DTD1,2,2,2,2
5r7y,PRO_0000449623,2,2,2,2
5r7z,P0DTD1,2,2,2,2
5r7z,PRO_0000449623,2,2,2,2
5r80,P0DTD1,2,2,2,2
5r80,PRO_0000449623,2,2,2,2
5r81,P0DTD1,2,2,2,2
5r81,PRO_0000449623,2,2,2,2
5r82,P0DTD1,2,2,2,2
5r82,PRO_0000449623,2,2,2,2
5r83,P0DTD1,2,2,2,2
5r83,PRO_0000449623,2,2,2,2
5r84,P0DTD1,2,2,2,2
5r84,PRO_0000449623,2,2,2,2
5r8t,P0DTD1,2,2,2,2
5r8t,PRO_0000449623,2,2,2,2
5re4,P0DTD1,2,2,2,2
5re4,PRO_0000449623,2,2,2,2
5re5,P0DTD1,2,2,2,2
5re5,PRO_0000449623,2,2,2,2
5re6,P0DTD1,2,2,2,2
5re6,PRO_0000449623,2,2,2,2
5re7,P0DTD1,2,2,2,2
5re7,PRO_0000449623,2,2,2,2
5re8,P0DTD1,2,2,2,2
5re8,PRO_0000449623,2,2,2,2
5re9,P0DTD1,2,2,2,2
5re9,PRO_0000449623,2,2,2,2
5rea,P0DTD1,2,2,2,2
5rea,PRO_0000449623,2,2,2,2
5reb,P0DTD1,2,2,2,2
5reb,PRO_0000449623,2,2,2,2
5rec,P0DTD1,2,2,2,2
5rec,PRO_0000449623,2,2,2,2
5red,P0DTD1,2,2,2,2
5red,PRO_0000449623,2,2,2,2
5ree,P0DTD1,2,2,2,2
5ree,PRO_0000449623,2,2,2,2
5ref,P0DTD1,2,2,2,2
5ref,PRO_0000449623,2,2,2,2
5reg,P0DTD1,2,2,2,2
5reg,PRO_0000449623,2,2,2,2
5reh,P0DTD1,2,2,2,2
5reh,PRO_0000449623,2,2,2,2
5rei,P0DTD1,2,2,2,2
5rei,PRO_0000449623,2,2,2,2
5rej,P0DTD1,2,2,2,2
5rej,PRO_0000449623,2,2,2,2
5rek,P0DTD1,2,2,2,2
5rek,PRO_0000449623,2,2,2,2
5rel,P0DTD1,2,2,2,2
5rel,PRO_0000449623,2,2,2,2
5rem,P0DTD1,2,2,2,2
5rem,PRO_0000449623,2,2,2,2
5ren,P0DTD1,2,2,2,2
5ren,PRO_0000449623,2,2,2,2
5reo,P0DTD1,2,2,2,2
5reo,PRO_0000449623,2,2,2,2
5rep,P0DTD1,2,2,2,2
5rep,PRO_0000449623,2,2,2,2
5rer,P0DTD1,2,2,2,2
5rer,PRO_0000449623,2,2,2,2
5res,P0DTD1,2,2,2,2
5res,PRO_0000449623,2,2,2,2
5ret,P0DTD1,2,2,2,2
5ret,PRO_0000449623,2,2,2,2
5reu,P0DTD1,2,2,2,2
5reu,PRO_0000449623,2,2,2,2
5rev,P0DTD1,2,2,2,2
5rev,PRO_0000449623,2,2,2,2
5rew,P0DTD1,2,2,2,2
5rew,PRO_0000449623,2,2,2,2
5rex,P0DTD1,2,2,2,2
5rex,PRO_0000449623,2,2,2,2
5rey,P0DTD1,2,2,2,2
5rey,PRO_0000449623,2,2,2,2
5rez,P0DTD1,2,2,2,2
5rez,PRO_0000449623,2,2,2,2
5rf0,P0DTD1,2,2,2,2
5rf0,PRO_0000449623,2,2,2,2
5rf1,P0DTD1,2,2,2,2
5rf1,PRO_0000449623,2,2,2,2
5rf2,P0DTD1,2,2,2,2
5rf2,PRO_0000449623,2,2,2,2
5rf3,P0DTD1,2,2,2,2
5rf3,PRO_0000449623,2,2,2,2
5rf4,P0DTD1,2,2,2,2
5rf4,PRO_0000449623,2,2,2,2
5rf5,P0DTD1,2,2,2,2
5rf5,PRO_0000449623,2,2,2,2
5rf6,P0DTD1,2,2,2,2
5rf6,PRO_0000449623,2,2,2,2
5rf7,P0DTD1,2,2,2,2
5rf7,PRO_0000449623,2,2,2,2
5rf8,P0DTD1,2,2,2,2
5rf8,PRO_0000449623,2,2,2,2
5rf9,P0DTD1,2,2,2,2
5rf9,PRO_0000449623,2,2,2,2
5rfa,P0DTD1,2,2,2,2
5rfa,PRO_0000449623,2,2,2,2
5rfb,P0DTD1,2,2,2,2
5rfb,PRO_0000449623,2,2,2,2
5rfc,P0DTD1,2,2,2,2
5rfc,PRO_0000449623,2,2,2,2
5rfd,P0DTD1,2,2,2,2
5rfd,PRO_0000449623,2,2,2,2
5rfe,P0DTD1,2,2,2,2
5rfe,PRO_0000449623,2,2,2,2
5rff,P0DTD1,2,2,2,2
5rff,PRO_0000449623,2,2,2,2
5rfg,P0DTD1,2,2,2,2
5rfg,PRO_0000449623,2,2,2,2
5rfh,P0DTD1,2,2,2,2
5rfh,PRO_0000449623,2,2,2,2
5rfi,P0DTD1,2,2,2,2
5rfi,PRO_0000449623,2,2,2,2
5rfj,P0DTD1,2,2,2,2
5rfj,PRO_0000449623,2,2,2,2
5rfk,P0DTD1,2,2,2,2
5rfk,PRO_0000449623,2,2,2,2
5rfl,P0DTD1,2,2,2,2
5rfl,PRO_0000449623,2,2,2,2
5rfm,P0DTD1,2,2,2,2
5rfm,PRO_0000449623,2,2,2,2
5rfn,P0DTD1,2,2,2,2
5rfn,PRO_0000449623,2,2,2,2
5rfo,P0DTD1,2,2,2,2
5rfo,PRO_0000449623,2,2,2,2
5rfp,P0DTD1,2,2,2,2
5rfp,PRO_0000449623,2,2,2,2
5rfq,P0DTD1,2,2,2,2
5rfq,PRO_0000449623,2,2,2,2
5rfr,P0DTD1,2,2,2,2
5rfr,PRO_0000449623,2,2,2,2
5rfs,P0DTD1,2,2,2,2
5rfs,PRO_0000449623,2,2,2,2
5rft,P0DTD1,2,2,2,2
5rft,PRO_0000449623,2,2,2,2
5rfu,P0DTD1,2,2,2,2
5rfu,PRO_0000449623,2,2,2,2
5rfv,P0DTD1,2,2,2,2
5rfv,PRO_0000449623,2,2,2,2
5rfw,P0DTD1,2,2,2,2
5rfw,PRO_0000449623,2,2,2,2
5rfx,P0DTD1,2,2,2,2
5rfx,PRO_0000449623,2,2,2,2
5rfy,P0DTD1,2,2,2,2
5rfy,PRO_0000449623,2,2,2,2
5rfz,P0DTD1,2,2,2,2
5rfz,PRO_0000449623,2,2,2,2
5rg0,P0DTD1,2,2,2,2
5rg0,PRO_0000449623,2,2,2,2
5rg1,P0DTD1,2,2,2,2
5rg1,PRO_0000449623,2,2,2,2
5rg2,P0DTD1,2,2,2,2
5rg2,PRO_0000449623,2,2,2,2
5rg3,P0DTD1,2,2,2,2
5rg3,PRO_0000449623,2,2,2,2
5rgg,P0DTD1,2,2,2,2
5rgg,PRO_0000449623,2,2,2,2
5rgh,P0DTD1,2,2,2,2
5rgh,PRO_0000449623,2,2,2,2
5rgi,P0DTD1,2,2,2,2
5rgi,PRO_0000449623,2,2,2,2
5rgj,P0DTD1,2,2,2,2
5rgj,PRO_0000449623,2,2,2,2
5rgk,P0DTD1,2,2,2,2
5rgk,PRO_0000449623,2,2,2,2
5rgl,P0DTD1,2,2,2,2
5rgl,PRO_0000449623,2,2,2,2
5rgm,P0DTD1,2,2,2,2
5rgm,PRO_0000449623,2,2,2,2
5rgn,P0DTD1,2,2,2,2
5rgn,PRO_0000449623,2,2,2,2
5rgo,P0DTD1,2,2,2,2
5rgo,PRO_0000449623,2,2,2,2
5rgp,P0DTD1,2,2,2,2
5rgp,PRO_0000449623,2,2,2,2
5rgq,P0DTD1,2,2,2,2
5rgq,PRO_0000449623,2,2,2,2
5rgr,P0DTD1,2,2,2,2
5rgr,PRO_0000449623,2,2,2,2
5rgs,P0DTD1,2,2,2,2
5rgs,PRO_0000449623,2,2,2,2
5rgt,P0DTD1,2,2,2,2
5rgt,PRO_0000449623,2,2,2,2
5rgu,P0DTD1,2,2,2,2
5rgu,PRO_0000449623,2,2,2,2
5rgv,P0DTD1,2,2,2,2
5rgv,PRO_0000449623,2,2,2,2
5rgw,P0DTD1,2,2,2,2
5rgw,PRO_0000449623,2,2,2,2
5rgx,P0DTD1,2,2,2,2
5rgx,PRO_0000449623,2,2,2,2
5rgy,P0DTD1,2,2,2,2
5rgy,PRO_0000449623,2,2,2,2
5rgz,P0DTD1,2,2,2,2
5rgz,PRO_0000449623,2,2,2,2
5rh0,P0DTD1,2,2,2,2
5rh0,PRO_0000449623,2,2,2,2
5rh1,P0DTD1,2,2,2,2
5rh1,PRO_0000449623,2,2,2,2
5rh2,P0DTD1,2,2,2,2
5rh2,PRO_0000449623,2,2,2,2
5rh3,P0DTD1,2,2,2,2
5rh3,PRO_0000449623,2,2,2,2
5rh4,P0DTD1,2,2,2,2
5rh4,PRO_0000449623,2,2,2,2
5rh5,P0DTD1,2,2,2,2
5rh5,PRO_0000449623,2,2,2,2
5rh6,P0DTD1,2,2,2,2
5rh6,PRO_0000449623,2,2,2,2
5rh7,P0DTD1,2,2,2,2
5rh7,PRO_0000449623,2,2,2,2
5rh8,P0DTD1,2,2,2,2
5rh8,PRO_0000449623,2,2,2,2
5rh9,P0DTD1,2,2,2,2
5rh9,PRO_0000449623,2,2,2,2
5rha,P0DTD1,2,2,2,2
5rha,PRO_0000449623,2,2,2,2
5rhb,P0DTD1,2,2,2,2
5rhb,PRO_0000449623,2,2,2,2
5rhc,P0DTD1,2,2,2,2
5rhc,PRO_0000449623,2,2,2,2
5rhd,P0DTD1,2,2,2,2
5rhd,PRO_0000449623,2,2,2,2
5rhe,P0DTD1,2,2,2,2
5rhe,PRO_0000449623,2,2,2,2
5rhf,P0DTD1,2,2,2,2
5rhf,PRO_0000449623,2,2,2,2
5rl0,P0DTD1,2,2,2,2
5rl0,PRO_0000449623,2,2,2,2
5rl1,P0DTD1,2,2,2,2
5rl1,PRO_0000449623,2,2,2,2
5rl2,P0DTD1,2,2,2,2
5rl2,PRO_0000449623,2,2,2,2
5rl3,P0DTD1,2,2,2,2
5rl3,PRO_0000449623,2,2,2,2
5rl4,P0DTD1,2,2,2,2
5rl4,PRO_0000449623,2,2,2,2
5rl5,P0DTD1,2,2,2,2
5rl5,PRO_0000449623,2,2,2,2
5rl6,P0DTD1,7,7,7,7
5rl6,PRO_0000449630,7,7,7,7
5rl7,P0DTD1,7,7,7,7
5rl7,PRO_0000449630,7,7,7,7
5rl8,P0DTD1,7,7,7,7
5rl8,PRO_0000449630,7,7,7,7
5rl9,P0DTD1,7,7,7,7
5rl9,PRO_0000449630,7,7,7,7
5rlb,P0DTD1,7,7,7,7
5rlb,PRO_0000449630,7,7,7,7
5rlc,P0DTD1,7,7,7,7
5rlc,PRO_0000449630,7,7,7,7
5rld,P0DTD1,7,7,7,7
5rld,PRO_0000449630,7,7,7,7
5rle,P0DTD1,7,7,7,7
5rle,PRO_0000449630,7,7,7,7
5rlf,P0DTD1,7,7,7,7
5rlf,PRO_0000449630,7,7,7,7
5rlg,P0DTD1,7,7,7,7
5rlg,PRO_0000449630,7,7,7,7
5rlh,P0DTD1,7,7,7,7
5rlh,PRO_0000449630,7,7,7,7
5rli,P0DTD1,7,7,7,7
5rli,PRO_0000449630,7,7,7,7
5rlj,P0DTD1,7,7,7,7
5rlj,PRO_0000449630,7,7,7,7
5rlk,P0DTD1,5,5,5,5
5rlk,PRO_0000449630,5,5,5,5
5rll,P0DTD1,7,7,7,7
5rll,PRO_0000449630,7,7,7,7
5rlm,P0DTD1,7,7,7,7
5rlm,PRO_0000449630,7,7,7,7
5rln,P0DTD1,7,7,7,7
5rln,PRO_0000449630,7,7,7,7
5rlo,P0DTD1,7,7,7,7
5rlo,PRO_0000449630,7,7,7,7
5rlp,P0DTD1,7,7,7,7
5rlp,PRO_0000449630,7,7,7,7
5rlq,P0DTD1,7,7,7,7
5rlq,PRO_0000449630,7,7,7,7
5rlr,P0DTD1,7,7,7,7
5rlr,PRO_0000449630,7,7,7,7
5rls,P0DTD1,7,7,7,7
5rls,PRO_0000449630,7,7,7,7
5rlt,P0DTD1,7,7,7,7
5rlt,PRO_0000449630,7,7,7,7
5rlu,P0DTD1,7,7,7,7
5rlu,PRO_0000449630,7,7,7,7
5rlv,P0DTD1,7,7,7,7
5rlv,PRO_0000449630,7,7,7,7
5rlw,P0DTD1,7,7,7,7
5rlw,PRO_0000449630,7,7,7,7
5rly,P0DTD1,7,7,7,7
5rly,PRO_0000449630,7,7,7,7
5rlz,P0DTD1,7,7,7,7
5rlz,PRO_0000449630,7,7,7,7
5rm0,P0DTD1,7,7,7,7
5rm0,PRO_0000449630,7,7,7,7
5rm1,P0DTD1,7,7,7,7
5rm1,PRO_0000449630,7,7,7,7
5rm2,P0DTD1,7,7,7,7
5rm2,PRO_0000449630,7,7,7,7
5rm3,P0DTD1,7,7,7,7
5rm3,PRO_0000449630,7,7,7,7
5rm4,P0DTD1,7,7,7,7
5rm4,PRO_0000449630,7,7,7,7
5rm5,P0DTD1,7,7,7,7
5rm5,PRO_0000449630,7,7,7,7
5rm6,P0DTD1,7,7,7,7
5rm6,PRO_0000449630,7,7,7,7
5rm7,P0DTD1,7,7,7,7
5rm7,PRO_0000449630,7,7,7,7
5rm8,P0DTD1,7,7,7,7
5rm8,PRO_0000449630,7,7,7,7
5rm9,P0DTD1,7,7,7,7
5rm9,PRO_0000449630,7,7,7,7
5rma,P0DTD1,7,7,7,7
5rma,PRO_0000449630,7,7,7,7
5rmb,P0DTD1,7,7,7,7
5rmb,PRO_0000449630,7,7,7,7
5rmc,P0DTD1,7,7,7,7
5rmc,PRO_0000449630,7,7,7,7
5rmd,P0DTD1,7,7,7,7
5rmd,PRO_0000449630,7,7,7,7
5rme,P0DTD1,7,7,7,7
5rme,PRO_0000449630,7,7,7,7
5rmf,P0DTD1,7,7,7,7
5rmf,PRO_0000449630,7,7,7,7
5rmg,P0DTD1,7,7,7,7
5rmg,PRO_0000449630,7,7,7,7
5rmh,P0DTD1,7,7,7,7
5rmh,PRO_0000449630,7,7,7,7
5rmi,P0DTD1,7,7,7,7
5rmi,PRO_0000449630,7,7,7,7
5rmj,P0DTD1,7,7,7,7
5rmj,PRO_0000449630,7,7,7,7
5rmk,P0DTD1,7,7,7,7
5rmk,PRO_0000449630,7,7,7,7
5rml,P0DTD1,7,7,7,7
5rml,PRO_0000449630,7,7,7,7
5rmm,P0DTD1,7,7,7,7
5rmm,PRO_0000449630,7,7,7,7
5rob,P0DTD1,7,7,7,7
5rob,PRO_0000449630,7,7,7,7
5rs7,P0DTD1,1,1,1,1
5rs7,PRO_0000449621,1,1,1,1
5rs8,P0DTD1,1,1,1,1
5rs8,PRO_0000449621,1,1,1,1
5rs9,P0DTD1,1,1,1,1
5rs9,PRO_0000449621,1,1,1,1
5rsb,P0DTD1,1,1,1,1
5rsb,PRO_0000449621,1,1,1,1
5rsc,P0DTD1,1,1,1,1
5rsc,PRO_0000449621,1,1,1,1
5rsd,P0DTD1,1,1,1,1
5rsd,PRO_0000449621,1,1,1,1
5rse,P0DTD1,1,1,1,1
5rse,PRO_0000449621,1,1,1,1
5rsf,P0DTD1,1,1,1,1
5rsf,PRO_0000449621,1,1,1,1
5rsg,P0DTD1,1,1,1,1
5rsg,PRO_0000449621,1,1,1,1
5rsh,P0DTD1,1,1,1,1
5rsh,PRO_0000449621,1,1,1,1
5rsi,P0DTD1,1,1,1,1
5rsi,PRO_0000449621,1,1,1,1
5rsj,P0DTD1,1,1,1,1
5rsj,PRO_0000449621,1,1,1,1
5rsk,P0DTD1,1,1,1,1
5rsk,PRO_0000449621,1,1,1,1
5rsl,P0DTD1,1,1,1,1
5rsl,PRO_0000449621,1,1,1,1
5rsm,P0DTD1,1,1,1,1
5rsm,PRO_0000449621,1,1,1,1
5rsn,P0DTD1,1,1,1,1
5rsn,PRO_0000449621,1,1,1,1
5rso,P0DTD1,1,1,1,1
5rso,PRO_0000449621,1,1,1,1
5rsp,P0DTD1,1,1,1,1
5rsp,PRO_0000449621,1,1,1,1
5rsq,P0DTD1,1,1,1,1
5rsq,PRO_0000449621,1,1,1,1
5rsr,P0DTD1,1,1,1,1
5rsr,PRO_0000449621,1,1,1,1
5rss,P0DTD1,1,1,1,1
5rss,PRO_0000449621,1,1,1,1
5rst,P0DTD1,1,1,1,1
5rst,PRO_0000449621,1,1,1,1
5rsu,P0DTD1,1,1,1,1
5rsu,PRO_0000449621,1,1,1,1
5rsv,P0DTD1,1,1,1,1
5rsv,PRO_0000449621,1,1,1,1
5rsw,P0DTD1,1,1,1,1
5rsw,PRO_0000449621,1,1,1,1
5rsx,P0DTD1,1,1,1,1
5rsx,PRO_0000449621,1,1,1,1
5rsy,P0DTD1,1,1,1,1
5rsy,PRO_0000449621,1,1,1,1
5rsz,P0DTD1,1,1,1,1
5rsz,PRO_0000449621,1,1,1,1
5rt0,P0DTD1,1,1,1,1
5rt0,PRO_0000449621,1,1,1,1
5rt1,P0DTD1,1,1,1,1
5rt1,PRO_0000449621,1,1,1,1
5rt2,P0DTD1,1,1,1,1
5rt2,PRO_0000449621,1,1,1,1
5rt3,P0DTD1,1,1,1,1
5rt3,PRO_0000449621,1,1,1,1
5rt4,P0DTD1,1,1,1,1
5rt4,PRO_0000449621,1,1,1,1
5rt5,P0DTD1,1,1,1,1
5rt5,PRO_0000449621,1,1,1,1
5rt6,P0DTD1,1,1,1,1
5rt6,PRO_0000449621,1,1,1,1
5rt7,P0DTD1,1,1,1,1
5rt7,PRO_0000449621,1,1,1,1
5rt8,P0DTD1,1,1,1,1
5rt8,PRO_0000449621,1,1,1,1
5rt9,P0DTD1,1,1,1,1
5rt9,PRO_0000449621,1,1,1,1
5rta,P0DTD1,1,1,1,1
5rta,PRO_0000449621,1,1,1,1
5rtb,P0DTD1,1,1,1,1
5rtb,PRO_0000449621,1,1,1,1
5rtc,P0DTD1,1,1,1,1
5rtc,PRO_0000449621,1,1,1,1
5rtd,P0DTD1,1,1,1,1
5rtd,PRO_0000449621,1,1,1,1
5rte,P0DTD1,1,1,1,1
5rte,PRO_0000449621,1,1,1,1
5rtf,P0DTD1,1,1,1,1
5rtf,PRO_0000449621,1,1,1,1
5rtg,P0DTD1,1,1,1,1
5rtg,PRO_0000449621,1,1,1,1
5rth,P0DTD1,1,1,1,1
5rth,PRO_0000449621,1,1,1,1
5rti,P0DTD1,1,1,1,1
5rti,PRO_0000449621,1,1,1,1
5rtj,P0DTD1,1,1,1,1
5rtj,PRO_0000449621,1,1,1,1
5rtk,P0DTD1,1,1,1,1
5rtk,PRO_0000449621,1,1,1,1
5rtl,P0DTD1,1,1,1,1
5rtl,PRO_0000449621,1,1,1,1
5rtm,P0DTD1,1,1,1,1
5rtm,PRO_0000449621,1,1,1,1
5rtn,P0DTD1,1,1,1,1
5rtn,PRO_0000449621,1,1,1,1
5rto,P0DTD1,1,1,1,1
5rto,PRO_0000449621,1,1,1,1
5rtp,P0DTD1,1,1,1,1
5rtp,PRO_0000449621,1,1,1,1
5rtq,P0DTD1,1,1,1,1
5rtq,PRO_0000449621,1,1,1,1
5rtr,P0DTD1,1,1,1,1
5rtr,PRO_0000449621,1,1,1,1
5rts,P0DTD1,1,1,1,1
5rts,PRO_0000449621,1,1,1,1
5rtt,P0DTD1,1,1,1,1
5rtt,PRO_0000449621,1,1,1,1
5rtu,P0DTD1,1,1,1,1
5rtu,PRO_0000449621,1,1,1,1
5rtv,P0DTD1,1,1,1,1
5rtv,PRO_0000449621,1,1,1,1
5rtw,P0DTD1,1,1,1,1
5rtw,PRO_0000449621,1,1,1,1
5rtx,P0DTD1,1,1,1,1
5rtx,PRO_0000449621,1,1,1,1
5rty,P0DTD1,1,1,1,1
5rty,PRO_0000449621,1,1,1,1
5rtz,P0DTD1,1,1,1,1
5rtz,PRO_0000449621,1,1,1,1
5ru0,P0DTD1,1,1,1,1
5ru0,PRO_0000449621,1,1,1,1
5ru1,P0DTD1,1,1,1,1
5ru1,PRO_0000449621,1,1,1,1
5ru2,P0DTD1,1,1,1,1
5ru2,PRO_0000449621,1,1,1,1
5ru3,P0DTD1,1,1,1,1
5ru3,PRO_0000449621,1,1,1,1
5ru4,P0DTD1,1,1,1,1
5ru4,PRO_0000449621,1,1,1,1
5ru5,P0DTD1,1,1,1,1
5ru5,PRO_0000449621,1,1,1,1
5ru6,P0DTD1,1,1,1,1
5ru6,PRO_0000449621,1,1,1,1
5ru7,P0DTD1,1,1,1,1
5ru7,PRO_0000449621,1,1,1,1
5ru8,P0DTD1,1,1,1,1
5ru8,PRO_0000449621,1,1,1,1
5ru9,P0DTD1,1,1,1,1
5ru9,PRO_0000449621,1,1,1,1
5rua,P0DTD1,1,1,1,1
5rua,PRO_0000449621,1,1,1,1
5ruc,P0DTD1,1,1,1,1
5ruc,PRO_0000449621,1,1,1,1
5rud,P0DTD1,1,1,1,1
5rud,PRO_0000449621,1,1,1,1
5rue,P0DTD1,1,1,1,1
5rue,PRO_0000449621,1,1,1,1
5ruf,P0DTD1,1,1,1,1
5ruf,PRO_0000449621,1,1,1,1
5rug,P0DTD1,1,1,1,1
5rug,PRO_0000449621,1,1,1,1
5ruh,P0DTD1,1,1,1,1
5ruh,PRO_0000449621,1,1,1,1
5rui,P0DTD1,1,1,1,1
5rui,PRO_0000449621,1,1,1,1
5ruj,P0DTD1,1,1,1,1
5ruj,PRO_0000449621,1,1,1,1
5ruk,P0DTD1,1,1,1,1
5ruk,PRO_0000449621,1,1,1,1
5rul,P0DTD1,1,1,1,1
5rul,PRO_0000449621,1,1,1,1
5rum,P0DTD1,1,1,1,1
5rum,PRO_0000449621,1,1,1,1
5run,P0DTD1,1,1,1,1
5run,PRO_0000449621,1,1,1,1
5ruo,P0DTD1,1,1,1,1
5ruo,PRO_0000449621,1,1,1,1
5rup,P0DTD1,1,1,1,1
5rup,PRO_0000449621,1,1,1,1
5ruq,P0DTD1,1,1,1,1
5ruq,PRO_0000449621,1,1,1,1
5rur,P0DTD1,1,1,1,1
5rur,PRO_0000449621,1,1,1,1
5rus,P0DTD1,1,1,1,1
5rus,PRO_0000449621,1,1,1,1
5rut,P0DTD1,1,1,1,1
5rut,PRO_0000449621,1,1,1,1
5ruu,P0DTD1,1,1,1,1
5ruu,PRO_0000449621,1,1,1,1
5ruv,P0DTD1,1,1,1,1
5ruv,PRO_0000449621,1,1,1,1
5ruw,P0DTD1,1,1,1,1
5ruw,PRO_0000449621,1,1,1,1
5rux,P0DTD1,1,1,1,1
5rux,PRO_0000449621,1,1,1,1
5ruy,P0DTD1,1,1,1,1
5ruy,PRO_0000449621,1,1,1,1
5ruz,P0DTD1,1,1,1,1
5ruz,PRO_0000449621,1,1,1,1
5rv0,P0DTD1,1,1,1,1
5rv0,PRO_0000449621,1,1,1,1
5rv1,P0DTD1,1,1,1,1
5rv1,PRO_0000449621,1,1,1,1
5rv2,P0DTD1,1,1,1,1
5rv2,PRO_0000449621,1,1,1,1
5rv3,P0DTD1,1,1,1,1
5rv3,PRO_0000449621,1,1,1,1
5rv4,P0DTD1,1,1,1,1
5rv4,PRO_0000449621,1,1,1,1
5rv5,P0DTD1,1,1,1,1
5rv5,PRO_0000449621,1,1,1,1
5rv6,P0DTD1,1,1,1,1
5rv6,PRO_0000449621,1,1,1,1
5rv7,P0DTD1,1,1,1,1
5rv7,PRO_0000449621,1,1,1,1
5rv8,P0DTD1,1,1,1,1
5rv8,PRO_0000449621,1,1,1,1
5rv9,P0DTD1,1,1,1,1
5rv9,PRO_0000449621,1,1,1,1
5rva,P0DTD1,1,1,1,1
5rva,PRO_0000449621,1,1,1,1
5rvb,P0DTD1,1,1,1,1
5rvb,PRO_0000449621,1,1,1,1
5rvc,P0DTD1,1,1,1,1
5rvc,PRO_0000449621,1,1,1,1
5rvd,P0DTD1,1,1,1,1
5rvd,PRO_0000449621,1,1,1,1
5rve,P0DTD1,1,1,1,1
5rve,PRO_0000449621,1,1,1,1
5rvf,P0DTD1,1,1,1,1
5rvf,PRO_0000449621,1,1,1,1
5rvg,P0DTD1,1,1,1,1
5rvg,PRO_0000449621,1,1,1,1
5rvh,P0DTD1,1,1,1,1
5rvh,PRO_0000449621,1,1,1,1
5rvi,P0DTD1,1,1,1,1
5rvi,PRO_0000449621,1,1,1,1
5rvj,P0DTD1,2,2,2,2
5rvj,PRO_0000449621,2,2,2,2
5rvk,P0DTD1,2,2,2,2
5rvk,PRO_0000449621,2,2,2,2
5rvl,P0DTD1,2,2,2,2
5rvl,PRO_0000449621,2,2,2,2
5rvm,P0DTD1,1,1,1,1
5rvm,PRO_0000449621,1,1,1,1
5rvn,P0DTD1,2,2,2,2
5rvn,PRO_0000449621,2,2,2,2
5rvo,P0DTD1,2,2,2,2
5rvo,PRO_0000449621,2,2,2,2
5rvp,P0DTD1,2,2,2,2
5rvp,PRO_0000449621,2,2,2,2
5rvq,P0DTD1,2,2,2,2
5rvq,PRO_0000449621,2,2,2,2
5rvr,P0DTD1,2,2,2,2
5rvr,PRO_0000449621,2,2,2,2
5rvs,P0DTD1,2,2,2,2
5rvs,PRO_0000449621,2,2,2,2
5rvt,P0DTD1,2,2,2,2
5rvt,PRO_0000449621,2,2,2,2
5rvu,P0DTD1,2,2,2,2
5rvu,PRO_0000449621,2,2,2,2
5rvv,P0DTD1,2,2,2,2
5rvv,PRO_0000449621,2,2,2,2
5s18,P0DTD1,1,1,1,1
5s18,PRO_0000449621,1,1,1,1
5s1a,P0DTD1,1,1,1,1
5s1a,PRO_0000449621,1,1,1,1
5s1c,P0DTD1,1,1,1,1
5s1c,PRO_0000449621,1,1,1,1
5s1e,P0DTD1,1,1,1,1
5s1e,PRO_0000449621,1,1,1,1
5s1g,P0DTD1,1,1,1,1
5s1g,PRO_0000449621,1,1,1,1
5s1i,P0DTD1,1,1,1,1
5s1i,PRO_0000449621,1,1,1,1
5s1k,P0DTD1,1,1,1,1
5s1k,PRO_0000449621,1,1,1,1
5s1m,P0DTD1,1,1,1,1
5s1m,PRO_0000449621,1,1,1,1
5s1o,P0DTD1,1,1,1,1
5s1o,PRO_0000449621,1,1,1,1
5s1q,P0DTD1,1,1,1,1
5s1q,PRO_0000449621,1,1,1,1
5s1s,P0DTD1,1,1,1,1
5s1s,PRO_0000449621,1,1,1,1
5s1u,P0DTD1,1,1,1,1
5s1u,PRO_0000449621,1,1,1,1
5s1w,P0DTD1,1,1,1,1
5s1w,PRO_0000449621,1,1,1,1
5s1y,P0DTD1,1,1,1,1
5s1y,PRO_0000449621,1,1,1,1
5s20,P0DTD1,1,1,1,1
5s20,PRO_0000449621,1,1,1,1
5s22,P0DTD1,1,1,1,1
5s22,PRO_0000449621,1,1,1,1
5s24,P0DTD1,1,1,1,1
5s24,PRO_0000449621,1,1,1,1
5s26,P0DTD1,1,1,1,1
5s26,PRO_0000449621,1,1,1,1
5s27,P0DTD1,1,1,1,1
5s27,PRO_0000449621,1,1,1,1
5s28,P0DTD1,1,1,1,1
5s28,PRO_0000449621,1,1,1,1
5s29,P0DTD1,1,1,1,1
5s29,PRO_0000449621,1,1,1,1
5s2a,P0DTD1,1,1,1,1
5s2a,PRO_0000449621,1,1,1,1
5s2b,P0DTD1,1,1,1,1
5s2b,PRO_0000449621,1,1,1,1
5s2c,P0DTD1,1,1,1,1
5s2c,PRO_0000449621,1,1,1,1
5s2d,P0DTD1,1,1,1,1
5s2d,PRO_0000449621,1,1,1,1
5s2e,P0DTD1,1,1,1,1
5s2e,PRO_0000449621,1,1,1,1
5s2f,P0DTD1,1,1,1,1
5s2f,PRO_0000449621,1,1,1,1
5s2g,P0DTD1,1,1,1,1
5s2g,PRO_0000449621,1,1,1,1
5s2h,P0DTD1,1,1,1,1
5s2h,PRO_0000449621,1,1,1,1
5s2i,P0DTD1,1,1,1,1
5s2i,PRO_0000449621,1,1,1,1
5s2j,P0DTD1,1,1,1,1
5s2j,PRO_0000449621,1,1,1,1
5s2k,P0DTD1,1,1,1,1
5s2k,PRO_0000449621,1,1,1,1
5s2l,P0DTD1,1,1,1,1
5s2l,PRO_0000449621,1,1,1,1
5s2m,P0DTD1,1,1,1,1
5s2m,PRO_0000449621,1,1,1,1
5s2n,P0DTD1,1,1,1,1
5s2n,PRO_0000449621,1,1,1,1
5s2o,P0DTD1,1,1,1,1
5s2o,PRO_0000449621,1,1,1,1
5s2p,P0DTD1,1,1,1,1
5s2p,PRO_0000449621,1,1,1,1
5s2q,P0DTD1,1,1,1,1
5s2q,PRO_0000449621,1,1,1,1
5s2r,P0DTD1,1,1,1,1
5s2r,PRO_0000449621,1,1,1,1
5s2s,P0DTD1,1,1,1,1
5s2s,PRO_0000449621,1,1,1,1
5s2t,P0DTD1,1,1,1,1
5s2t,PRO_0000449621,1,1,1,1
5s2u,P0DTD1,1,1,1,1
5s2u,PRO_0000449621,1,1,1,1
5s2v,P0DTD1,1,1,1,1
5s2v,PRO_0000449621,1,1,1,1
5s2w,P0DTD1,1,1,1,1
5s2w,PRO_0000449621,1,1,1,1
5s2x,P0DTD1,1,1,1,1
5s2x,PRO_0000449621,1,1,1,1
5s2y,P0DTD1,1,1,1,1
5s2y,PRO_0000449621,1,1,1,1
5s2z,P0DTD1,1,1,1,1
5s2z,PRO_0000449621,1,1,1,1
5s30,P0DTD1,1,1,1,1
5s30,PRO_0000449621,1,1,1,1
5s31,P0DTD1,1,1,1,1
5s31,PRO_0000449621,1,1,1,1
5s32,P0DTD1,1,1,1,1
5s32,PRO_0000449621,1,1,1,1
5s33,P0DTD1,1,1,1,1
5s33,PRO_0000449621,1,1,1,1
5s34,P0DTD1,1,1,1,1
5s34,PRO_0000449621,1,1,1,1
5s35,P0DTD1,1,1,1,1
5s35,PRO_0000449621,1,1,1,1
5s36,P0DTD1,1,1,1,1
5s36,PRO_0000449621,1,1,1,1
5s37,P0DTD1,1,1,1,1
5s37,PRO_0000449621,1,1,1,1
5s38,P0DTD1,1,1,1,1
5s38,PRO_0000449621,1,1,1,1
5s39,P0DTD1,1,1,1,1
5s39,PRO_0000449621,1,1,1,1
5s3a,P0DTD1,1,1,1,1
5s3a,PRO_0000449621,1,1,1,1
5s3b,P0DTD1,1,1,1,1
5s3b,PRO_0000449621,1,1,1,1
5s3c,P0DTD1,1,1,1,1
5s3c,PRO_0000449621,1,1,1,1
5s3d,P0DTD1,1,1,1,1
5s3d,PRO_0000449621,1,1,1,1
5s3e,P0DTD1,1,1,1,1
5s3e,PRO_0000449621,1,1,1,1
5s3f,P0DTD1,1,1,1,1
5s3f,PRO_0000449621,1,1,1,1
5s3g,P0DTD1,1,1,1,1
5s3g,PRO_0000449621,1,1,1,1
5s3h,P0DTD1,1,1,1,1
5s3h,PRO_0000449621,1,1,1,1
5s3i,P0DTD1,1,1,1,1
5s3i,PRO_0000449621,1,1,1,1
5s3j,P0DTD1,1,1,1,1
5s3j,PRO_0000449621,1,1,1,1
5s3k,P0DTD1,1,1,1,1
5s3k,PRO_0000449621,1,1,1,1
5s3l,P0DTD1,1,1,1,1
5s3l,PRO_0000449621,1,1,1,1
5s3m,P0DTD1,1,1,1,1
5s3m,PRO_0000449621,1,1,1,1
5s3n,P0DTD1,1,1,1,1
5s3n,PRO_0000449621,1,1,1,1
5s3o,P0DTD1,1,1,1,1
5s3o,PRO_0000449621,1,1,1,1
5s3p,P0DTD1,1,1,1,1
5s3p,PRO_0000449621,1,1,1,1
5s3q,P0DTD1,1,1,1,1
5s3q,PRO_0000449621,1,1,1,1
5s3r,P0DTD1,1,1,1,1
5s3r,PRO_0000449621,1,1,1,1
5s3s,P0DTD1,1,1,1,1
5s3s,PRO_0000449621,1,1,1,1
5s3t,P0DTD1,1,1,1,1
5s3t,PRO_0000449621,1,1,1,1
5s3u,P0DTD1,1,1,1,1
5s3u,PRO_0000449621,1,1,1,1
5s3v,P0DTD1,1,1,1,1
5s3v,PRO_0000449621,1,1,1,1
5s3w,P0DTD1,1,1,1,1
5s3w,PRO_0000449621,1,1,1,1
5s3x,P0DTD1,1,1,1,1
5s3x,PRO_0000449621,1,1,1,1
5s3y,P0DTD1,1,1,1,1
5s3y,PRO_0000449621,1,1,1,1
5s3z,P0DTD1,1,1,1,1
5s3z,PRO_0000449621,1,1,1,1
5s40,P0DTD1,1,1,1,1
5s40,PRO_0000449621,1,1,1,1
5s41,P0DTD1,1,1,1,1
5s41,PRO_0000449621,1,1,1,1
5s42,P0DTD1,1,1,1,1
5s42,PRO_0000449621,1,1,1,1
5s43,P0DTD1,1,1,1,1
5s43,PRO_0000449621,1,1,1,1
5s44,P0DTD1,1,1,1,1
5s44,PRO_0000449621,1,1,1,1
5s45,P0DTD1,1,1,1,1
5s45,PRO_0000449621,1,1,1,1
5s46,P0DTD1,1,1,1,1
5s46,PRO_0000449621,1,1,1,1
5s47,P0DTD1,1,1,1,1
5s47,PRO_0000449621,1,1,1,1
5s48,P0DTD1,1,1,1,1
5s48,PRO_0000449621,1,1,1,1
5s49,P0DTD1,1,1,1,1
5s49,PRO_0000449621,1,1,1,1
5s4a,P0DTD1,1,1,1,1
5s4a,PRO_0000449621,1,1,1,1
5s4b,P0DTD1,1,1,1,1
5s4b,PRO_0000449621,1,1,1,1
5s4c,P0DTD1,1,1,1,1
5s4c,PRO_0000449621,1,1,1,1
5s4d,P0DTD1,1,1,1,1
5s4d,PRO_0000449621,1,1,1,1
5s4e,P0DTD1,1,1,1,1
5s4e,PRO_0000449621,1,1,1,1
5s4f,P0DTD1,1,1,1,1
5s4f,PRO_0000449621,1,1,1,1
5s4g,P0DTD1,1,1,1,1
5s4g,PRO_0000449621,1,1,1,1
5s4h,P0DTD1,1,1,1,1
5s4h,PRO_0000449621,1,1,1,1
5s4i,P0DTD1,1,1,1,1
5s4i,PRO_0000449621,1,1,1,1
5s4j,P0DTD1,1,1,1,1
5s4j,PRO_0000449621,1,1,1,1
5s4k,P0DTD1,1,1,1,1
5s4k,PRO_0000449621,1,1,1,1
5s6x,P0DTD1,1,1,1,1
5s6x,PRO_0000449632,1,1,1,1
5s6y,P0DTD1,1,1,1,1
5s6y,PRO_0000449632,1,1,1,1
5s6z,P0DTD1,1,1,1,1
5s6z,PRO_0000449632,1,1,1,1
5s70,P0DTD1,1,1,1,1
5s70,PRO_0000449632,1,1,1,1
5s71,P0DTD1,1,1,1,1
5s71,PRO_0000449632,1,1,1,1
5s72,P0DTD1,1,1,1,1
5s72,PRO_0000449632,1,1,1,1
5s73,P0DTD1,1,1,1,1
5s73,PRO_0000449621,1,1,1,1
5s74,P0DTD1,1,1,1,1
5s74,PRO_0000449621,1,1,1,1
5sa4,P0DTD1,1,1,1,1
5sa4,PRO_0000449632,1,1,1,1
5sa5,P0DTD1,1,1,1,1
5sa5,PRO_0000449632,1,1,1,1
5sa6,P0DTD1,1,1,1,1
5sa6,PRO_0000449632,1,1,1,1
5sa7,P0DTD1,1,1,1,1
5sa7,PRO_0000449632,1,1,1,1
5sa8,P0DTD1,1,1,1,1
5sa8,PRO_0000449632,1,1,1,1
5sa9,P0DTD1,1,1,1,1
5sa9,PRO_0000449632,1,1,1,1
5saa,P0DTD1,1,1,1,1
5saa,PRO_0000449632,1,1,1,1
5sab,P0DTD1,1,1,1,1
5sab,PRO_0000449632,1,1,1,1
5sac,P0DTD1,1,1,1,1
5sac,PRO_0000449632,1,1,1,1
5sad,P0DTD1,1,1,1,1
5sad,PRO_0000449632,1,1,1,1
5sae,P0DTD1,1,1,1,1
5sae,PRO_0000449632,1,1,1,1
5saf,P0DTD1,1,1,1,1
5saf,PRO_0000449632,1,1,1,1
5sag,P0DTD1,1,1,1,1
5sag,PRO_0000449632,1,1,1,1
5sah,P0DTD1,1,1,1,1
5sah,PRO_0000449632,1,1,1,1
5sai,P0DTD1,1,1,1,1
5sai,PRO_0000449632,1,1,1,1
6lu7,P0DTD1,1,1,1,1
6lu7,PRO_0000449623,1,1,1,1
6lvn,PRO_0000449649,2,2,2,2
6lxt,PRO_0000449649,6,6,6,6
6lze,P0DTD1,1,1,1,1
6lze,PRO_0000449623,1,1,1,1
6m03,P0DTD1,1,1,1,1
6m03,PRO_0000449623,1,1,1,1
6m0k,P0DTD1,1,1,1,1
6m0k,PRO_0000449623,1,1,1,1
6m1v,PRO_0000449649,4,4,4,4
6m2n,P0DTD1,1,1,1,1
6m2n,PRO_0000449623,1,1,1,1
6m2q,P0DTD1,2,2,2,2
6m2q,PRO_0000449623,2,2,2,2
6m3m,P0DTC9,5,5,5,5
6m5i,P0DTD1,5,5,5,5
6m5i,PRO_0000449625,2,2,2,2
6m5i,PRO_0000449626,3,3,3,3
6m71,P0DTD1,18,18,18,18
6m71,PRO_0000449625,3,3,3,3
6m71,PRO_0000449626,5,5,5,5
6m71,PRO_0000449629,10,10,10,10
6vsb,PRO_0000449649,3,3,3,3
6vww,P0DTD1,1,1,1,1
6vww,PRO_0000449632,1,1,1,1
6vxs,P0DTD1,3,3,3,3
6vxs,PRO_0000449621,3,3,3,3
6vxx,PRO_0000449649,3,3,3,3
6vyb,PRO_0000449649,3,3,3,3
6vyo,P0DTC9,2,2,2,2
6w01,P0DTD1,2,2,2,2
6w01,PRO_0000449632,2,2,2,2
6w02,P0DTD1,3,3,3,3
6w02,PRO_0000449621,3,3,3,3
6w37,P0DTC7,2,2,2,2
6w4b,P0DTD1,1,1,1,1
6w4b,PRO_0000449627,1,1,1,1
6w4h,P0DTD1,4,4,4,4
6w4h,PRO_0000449628,3,3,3,3
6w4h,PRO_0000449633,1,1,1,1
6w61,P0DTD1,6,6,6,6
6w61,PRO_0000449628,2,2,2,2
6w63,P0DTD1,2,2,2,2
6w63,PRO_0000449623,2,2,2,2
6w6y,P0DTD1,2,2,2,2
6w6y,PRO_0000449621,2,2,2,2
6w75,P0DTD1,4,4,4,4
6w75,PRO_0000449628,2,2,2,2
6w75,PRO_0000449633,2,2,2,2
6w9c,P0DTD1,4,4,4,4
6w9c,PRO_0000449621,4,4,4,4
6w9q,P0DTD1,1,1,1,1
6w9q,PRO_0000449627,1,1,1,1
6wc1,P0DTD1,2,2,2,2
6wc1,PRO_0000449627,2,2,2,2
6wcf,P0DTD1,3,3,3,3
6wcf,PRO_0000449621,3,3,3,3
6wen,P0DTD1,2,2,2,2
6wen,PRO_0000449621,2,2,2,2
6wey,P0DTD1,1,1,1,1
6wey,PRO_0000449621,1,1,1,1
6wiq,P0DTD1,4,4,4,4
6wiq,PRO_0000449625,2,2,2,2
6wiq,PRO_0000449626,2,2,2,2
6wji,P0DTC9,1,1,1,1
6wjt,P0DTD1,4,4,4,4
6wjt,PRO_0000449628,2,2,2,2
6wjt,PRO_0000449633,2,2,2,2
6wkp,P0DTC9,4,4,4,4
6wkq,P0DTD1,4,4,4,4
6wkq,PRO_0000449628,2,2,2,2
6wkq,PRO_0000449633,2,2,2,2
6wks,P0DTD1,4,4,4,4
6wks,PRO_0000449628,3,3,3,3
6wks,PRO_0000449633,1,1,1,1
6wlc,P0DTD1,1,1,1,1
6wlc,PRO_0000449632,1,1,1,1
6wnp,P0DTD1,1,1,1,1
6wnp,PRO_0000449623,1,1,1,1
6woj,P0DTD1,3,3,3,3
6woj,PRO_0000449621,3,3,3,3
6wps,PRO_0000449649,3,3,3,3
6wpt,PRO_0000449649,3,3,3,3
6wq3,P0DTD1,6,6,6,6
6wq3,PRO_0000449628,5,5,5,5
6wq3,PRO_0000449633,1,1,1,1
6wqd,P0DTD1,4,4,4,4
6wqd,PRO_0000449625,2,2,2,2
6wqd,PRO_0000449626,2,2,2,2
6wqf,P0DTD1,1,1,1,1
6wqf,PRO_0000449623,1,1,1,1
6wrh,P0DTD1,2,2,2,2
6wrh,PRO_0000449621,1,1,1,1
6wrz,P0DTD1,6,6,6,6
6wrz,PRO_0000449628,5,5,5,5
6wrz,PRO_0000449633,1,1,1,1
6wtc,P0DTD1,5,5,5,5
6wtc,PRO_0000449625,2,2,2,2
6wtc,PRO_0000449626,3,3,3,3
6wtj,P0DTD1,1,1,1,1
6wtj,PRO_0000449623,1,1,1,1
6wtk,P0DTD1,1,1,1,1
6wtk,PRO_0000449623,1,1,1,1
6wtm,P0DTD1,1,1,1,1
6wtm,PRO_0000449623,1,1,1,1
6wtt,P0DTD1,2,2,2,2
6wtt,PRO_0000449623,2,2,2,2
6wuu,P0DTD1,2,2,2,2
6wuu,PRO_0000449621,1,1,1,1
6wvn,P0DTD1,4,4,4,4
6wvn,PRO_0000449628,3,3,3,3
6wvn,PRO_0000449633,1,1,1,1
6wx4,P0DTD1,3,3,3,3
6wx4,PRO_0000449621,2,2,2,2
6wxc,P0DTD1,1,1,1,1
6wxc,PRO_0000449632,1,1,1,1
6wxd,P0DTD1,1,1,1,1
6wxd,PRO_0000449627,1,1,1,1
6wzo,P0DTC9,2,2,2,2
6wzq,P0DTC9,2,2,2,2
6wzu,P0DTD1,1,1,1,1
6wzu,PRO_0000449621,1,1,1,1
6x1b,P0DTD1,1,1,1,1
6x1b,PRO_0000449632,1,1,1,1
6x29,PRO_0000449649,3,3,3,3
6x2a,PRO_0000449649,3,3,3,3
6x2b,PRO_0000449649,3,3,3,3
6x2c,PRO_0000449649,3,3,3,3
6x4i,P0DTD1,1,1,1,1
6x4i,PRO_0000449632,1,1,1,1
6x6p,PRO_0000449649,3,3,3,3
6x79,PRO_0000449649,3,3,3,3
6xa4,P0DTD1,3,3,3,3
6xa4,PRO_0000449623,3,3,3,3
6xa9,P0DTD1,3,3,3,3
6xa9,PRO_0000449621,3,3,3,3
6xaa,P0DTD1,3,3,3,3
6xaa,PRO_0000449621,3,3,3,3
6xb0,P0DTD1,2,2,2,2
6xb0,PRO_0000449623,2,2,2,2
6xb1,P0DTD1,2,2,2,2
6xb1,PRO_0000449623,2,2,2,2
6xb2,P0DTD1,1,1,1,1
6xb2,PRO_0000449623,1,1,1,1
6xbg,P0DTD1,3,3,3,3
6xbg,PRO_0000449623,3,3,3,3
6xbh,P0DTD1,3,3,3,3
6xbh,PRO_0000449623,3,3,3,3
6xbi,P0DTD1,1,1,1,1
6xbi,PRO_0000449623,1,1,1,1
6xch,P0DTD1,1,1,1,1
6xch,PRO_0000449623,1,1,1,1
6xcm,PRO_0000449649,3,3,3,3
6xcn,PRO_0000449649,3,3,3,3
6xdc,P0DTC3,5,5,5,5
6xdh,P0DTD1,1,1,1,1
6xdh,PRO_0000449632,1,1,1,1
6xey,PRO_0000449649,3,3,3,3
6xez,P0DTD1,10,10,10,10
6xez,PRO_0000449625,2,2,2,2
6xez,PRO_0000449626,2,2,2,2
6xez,PRO_0000449629,3,3,3,3
6xez,PRO_0000449630,2,2,2,2
6xf5,PRO_0000449649,3,3,3,3
6xf6,PRO_0000449649,3,3,3,3
6xfn,P0DTD1,3,3,3,3
6xfn,PRO_0000449623,3,3,3,3
6xg3,P0DTD1,4,4,4,4
6xg3,PRO_0000449621,3,3,3,3
6xhm,P0DTD1,2,2,2,2
6xhm,PRO_0000449623,2,2,2,2
6xhu,P0DTD1,1,1,1,1
6xhu,PRO_0000449623,1,1,1,1
6xip,P0DTD1,5,5,5,5
6xip,PRO_0000449625,2,2,2,2
6xip,PRO_0000449626,3,3,3,3
6xkf,P0DTD1,2,2,2,2
6xkf,PRO_0000449623,2,2,2,2
6xkh,P0DTD1,2,2,2,2
6xkh,PRO_0000449623,2,2,2,2
6xkl,PRO_0000449649,3,3,3,3
6xkm,P0DTD1,4,4,4,4
6xkm,PRO_0000449628,3,3,3,3
6xkm,PRO_0000449633,1,1,1,1
6xlu,PRO_0000449649,1,1,1,1
6xm0,PRO_0000449649,1,1,1,1
6xm3,PRO_0000449649,1,1,1,1
6xm4,PRO_0000449649,1,1,1,1
6xm5,PRO_0000449649,1,1,1,1
6xmk,P0DTD1,2,2,2,2
6xmk,PRO_0000449623,2,2,2,2
6xoa,P0DTD1,2,2,2,2
6xoa,PRO_0000449623,1,1,1,1
6xqb,P0DTD1,20,20,20,20
6xqb,PRO_0000449625,2,2,2,2
6xqb,PRO_0000449626,2,2,2,2
6xqb,PRO_0000449629,12,12,12,12
6xqs,P0DTD1,1,1,1,1
6xqs,PRO_0000449623,1,1,1,1
6xqt,P0DTD1,1,1,1,1
6xqt,PRO_0000449623,1,1,1,1
6xqu,P0DTD1,1,1,1,1
6xqu,PRO_0000449623,1,1,1,1
6xr3,P0DTD1,2,2,2,2
6xr3,PRO_0000449623,2,2,2,2
6xr8,PRO_0000449649,1,1,1,1
6xra,PRO_0000449649,4,4,4,4
6xs6,PRO_0000449649,3,3,3,3
6y2e,P0DTD1,1,1,1,1
6y2e,PRO_0000449623,1,1,1,1
6y2f,P0DTD1,4,4,4,4
6y2f,PRO_0000449623,4,4,4,4
6y2g,P0DTD1,2,2,2,2
6y2g,PRO_0000449623,2,2,2,2
6y84,P0DTD1,2,2,2,2
6y84,PRO_0000449623,2,2,2,2
6yb7,P0DTD1,1,1,1,1
6yb7,PRO_0000449623,1,1,1,1
6yhu,P0DTD1,2,2,2,2
6yhu,PRO_0000449625,1,1,1,1
6yhu,PRO_0000449626,1,1,1,1
6yi3,P0DTC9,1,1,1,1
6ynq,P0DTD1,1,1,1,1
6ynq,PRO_0000449623,1,1,1,1
6yun,P0DTC9,1,1,1,1
6yva,P0DTD1,7,7,7,7
6yva,PRO_0000449621,6,6,6,6
6yvf,P0DTD1,1,1,1,1
6yvf,PRO_0000449623,1,1,1,1
6ywk,P0DTD1,1,1,1,1
6ywk,PRO_0000449621,1,1,1,1
6ywl,P0DTD1,1,1,1,1
6ywl,PRO_0000449621,1,1,1,1
6ywm,P0DTD1,1,1,1,1
6ywm,PRO_0000449621,1,1,1,1
6yyt,P0DTD1,12,12,12,12
6yyt,PRO_0000449625,2,2,2,2
6yyt,PRO_0000449626,3,3,3,3
6yyt,PRO_0000449629,7,7,7,7
6yz1,P0DTD1,7,7,7,7
6yz1,PRO_0000449628,3,3,3,3
6yz1,PRO_0000449632,1,1,1,1
6yz1,PRO_0000449633,2,2,2,2
6z2e,P0DTD1,1,1,1,1
6z2e,PRO_0000449623,1,1,1,1
6z43,PRO_0000449649,3,3,3,3
6z4u,P0DTD2,3,3,3,3
6z5t,P0DTD1,1,1,1,1
6z5t,PRO_0000449621,1,1,1,1
6z6i,P0DTD1,1,1,1,1
6z6i,PRO_0000449621,1,1,1,1
6z72,P0DTD1,1,1,1,1
6z72,PRO_0000449621,1,1,1,1
6z97,PRO_0000449649,3,3,3,3
6zb4,PRO_0000449649,3,3,3,3
6zb5,PRO_0000449649,7,7,7,7
6zco,P0DTC9,1,1,1,1
6zct,P0DTD1,1,1,1,1
6zct,PRO_0000449628,1,1,1,1
6zdh,PRO_0000449649,3,3,3,3
6zge,PRO_0000449649,3,3,3,3
6zgg,PRO_0000449649,5,5,5,5
6zgh,PRO_0000449649,5,5,5,5
6zgi,PRO_0000449649,3,3,3,3
6zhd,PRO_0000449649,3,3,3,3
6zlw,P0DTD1,2,2,2,2
6zlw,PRO_0000449619,2,2,2,2
6zm7,P0DTD1,2,2,2,2
6zm7,PRO_0000449619,2,2,2,2
6zme,P0DTD1,2,2,2,2
6zme,PRO_0000449619,2,2,2,2
6zmi,P0DTD1,2,2,2,2
6zmi,PRO_0000449619,2,2,2,2
6zmo,P0DTD1,2,2,2,2
6zmo,PRO_0000449619,2,2,2,2
6zmt,P0DTD1,2,2,2,2
6zmt,PRO_0000449619,2,2,2,2
6zn5,P0DTD1,2,2,2,2
6zn5,PRO_0000449619,2,2,2,2
6zoj,P0DTD1,2,2,2,2
6zoj,PRO_0000449619,2,2,2,2
6zok,P0DTD1,2,2,2,2
6zok,PRO_0000449619,2,2,2,2
6zon,P0DTD1,2,2,2,2
6zon,PRO_0000449619,2,2,2,2
6zow,PRO_0000449649,3,3,3,3
6zox,PRO_0000449649,3,3,3,3
6zoy,PRO_0000449649,3,3,3,3
6zoz,PRO_0000449649,1,1,1,1
6zp0,PRO_0000449649,3,3,3,3
6zp1,PRO_0000449649,3,3,3,3
6zp2,PRO_0000449649,1,1,1,1
6zp4,P0DTD1,2,2,2,2
6zp4,PRO_0000449619,2,2,2,2
6zp5,PRO_0000449649,3,3,3,3
6zp7,PRO_0000449649,3,3,3,3
6zpe,P0DTD1,2,2,2,2
6zpe,PRO_0000449628,2,2,2,2
6zrt,P0DTD1,2,2,2,2
6zrt,PRO_0000449623,2,2,2,2
6zru,P0DTD1,2,2,2,2
6zru,PRO_0000449623,2,2,2,2
6zsl,P0DTD1,7,7,7,7
6zsl,PRO_0000449630,7,7,7,7
6zwv,PRO_0000449649,3,3,3,3
6zxn,PRO_0000449649,3,3,3,3
7a1u,P0DTD1,2,2,2,2
7a1u,PRO_0000449623,2,2,2,2
7a25,PRO_0000449649,2,2,2,2
7a29,PRO_0000449649,3,3,3,3
7a4n,PRO_0000449649,3,3,3,3
7a93,PRO_0000449649,5,5,5,5
7a94,PRO_0000449649,5,5,5,5
7a95,PRO_0000449649,5,5,5,5
7a96,PRO_0000449649,5,5,5,5
7a97,PRO_0000449649,5,5,5,5
7a98,PRO_0000449649,5,5,5,5
7aap,P0DTD1,11,11,11,11
7aap,PRO_0000449625,3,3,3,3
7aap,PRO_0000449626,3,3,3,3
7aap,PRO_0000449629,5,5,5,5
7abu,P0DTD1,1,1,1,1
7abu,PRO_0000449623,1,1,1,1
7acs,P0DTC9,1,1,1,1
7act,P0DTC9,1,1,1,1
7ad1,PRO_0000449649,3,3,3,3
7adw,P0DTD1,2,2,2,2
7adw,PRO_0000449623,2,2,2,2
7aeg,P0DTD1,1,1,1,1
7aeg,PRO_0000449623,1,1,1,1
7af0,P0DTD1,1,1,1,1
7af0,PRO_0000449623,1,1,1,1
7aga,P0DTD1,2,2,2,2
7aga,PRO_0000449623,2,2,2,2
7aha,P0DTD1,2,2,2,2
7aha,PRO_0000449623,2,2,2,2
7ak4,P0DTD1,1,1,1,1
7ak4,PRO_0000449623,1,1,1,1
7akd,PRO_0000449649,3,3,3,3
7aku,P0DTD1,2,2,2,2
7aku,PRO_0000449623,2,2,2,2
7alh,P0DTD1,2,2,2,2
7alh,PRO_0000449623,2,2,2,2
7ali,P0DTD1,1,1,1,1
7ali,PRO_0000449623,1,1,1,1
7amj,P0DTD1,2,2,2,2
7amj,PRO_0000449623,2,2,2,2
7ans,P0DTD1,1,1,1,1
7ans,PRO_0000449623,1,1,1,1
7aol,P0DTD1,2,2,2,2
7aol,PRO_0000449623,1,1,1,1
7ap6,P0DTD1,1,1,1,1
7ap6,PRO_0000449623,1,1,1,1
7aph,P0DTD1,1,1,1,1
7aph,PRO_0000449623,1,1,1,1
7aqe,P0DTD1,1,1,1,1
7aqe,PRO_0000449623,1,1,1,1
7aqi,P0DTD1,1,1,1,1
7aqi,PRO_0000449623,1,1,1,1
7aqj,P0DTD1,2,2,2,2
7aqj,PRO_0000449623,2,2,2,2
7ar5,P0DTD1,3,3,3,3
7ar5,PRO_0000449623,3,3,3,3
7ar6,P0DTD1,2,2,2,2
7ar6,PRO_0000449623,2,2,2,2
7arf,P0DTD1,3,3,3,3
7arf,PRO_0000449623,3,3,3,3
7avd,P0DTD1,1,1,1,1
7avd,PRO_0000449623,1,1,1,1
7awr,P0DTD1,1,1,1,1
7awr,PRO_0000449623,1,1,1,1
7aws,P0DTD1,2,2,2,2
7aws,PRO_0000449623,2,2,2,2
7awu,P0DTD1,2,2,2,2
7awu,PRO_0000449623,2,2,2,2
7aww,P0DTD1,1,1,1,1
7aww,PRO_0000449623,1,1,1,1
7ax6,P0DTD1,1,1,1,1
7ax6,PRO_0000449623,1,1,1,1
7axm,P0DTD1,1,1,1,1
7axm,PRO_0000449623,1,1,1,1
7axo,P0DTD1,1,1,1,1
7axo,PRO_0000449623,1,1,1,1
7ay7,P0DTD1,1,1,1,1
7ay7,PRO_0000449623,1,1,1,1
7b18,PRO_0000449649,3,3,3,3
7b3b,P0DTD1,14,14,14,14
7b3b,PRO_0000449625,2,2,2,2
7b3b,PRO_0000449626,3,3,3,3
7b3b,PRO_0000449629,9,9,9,9
7b3c,P0DTD1,14,14,14,14
7b3c,PRO_0000449625,2,2,2,2
7b3c,PRO_0000449626,3,3,3,3
7b3c,PRO_0000449629,9,9,9,9
7b3d,P0DTD1,14,14,14,14
7b3d,PRO_0000449625,2,2,2,2
7b3d,PRO_0000449626,3,3,3,3
7b3d,PRO_0000449629,9,9,9,9
7b3e,P0DTD1,2,2,2,2
7b3e,PRO_0000449623,2,2,2,2
7b83,P0DTD1,2,2,2,2
7b83,PRO_0000449623,1,1,1,1
7baj,P0DTD1,1,1,1,1
7baj,PRO_0000449623,1,1,1,1
7bak,P0DTD1,2,2,2,2
7bak,PRO_0000449623,2,2,2,2
7bal,P0DTD1,2,2,2,2
7bal,PRO_0000449623,2,2,2,2
7bb2,P0DTD1,1,1,1,1
7bb2,PRO_0000449623,1,1,1,1
7be7,P0DTD1,2,2,2,2
7be7,PRO_0000449623,2,2,2,2
7bf3,P0DTD1,1,1,1,1
7bf3,PRO_0000449621,1,1,1,1
7bf4,P0DTD1,2,2,2,2
7bf4,PRO_0000449621,2,2,2,2
7bf5,P0DTD1,1,1,1,1
7bf5,PRO_0000449621,1,1,1,1
7bf6,P0DTD1,1,1,1,1
7bf6,PRO_0000449621,1,1,1,1
7bfb,P0DTD1,2,2,2,2
7bfb,PRO_0000449623,2,2,2,2
7bgp,P0DTD1,2,2,2,2
7bgp,PRO_0000449623,2,2,2,2
7bnm,PRO_0000449649,4,4,4,4
7bnn,PRO_0000449649,7,7,7,7
7bno,PRO_0000449649,4,4,4,4
7bq7,P0DTD1,5,5,5,5
7bq7,PRO_0000449628,3,3,3,3
7bq7,PRO_0000449633,2,2,2,2
7bqy,P0DTD1,2,2,2,2
7bqy,PRO_0000449623,2,2,2,2
7bro,P0DTD1,3,3,3,3
7bro,PRO_0000449623,3,3,3,3
7brp,P0DTD1,2,2,2,2
7brp,PRO_0000449623,2,2,2,2
7btf,P0DTD1,9,9,9,9
7btf,PRO_0000449625,2,2,2,2
7btf,PRO_0000449626,3,3,3,3
7btf,PRO_0000449629,4,4,4,4
7buy,P0DTD1,1,1,1,1
7buy,PRO_0000449623,1,1,1,1
7bv1,P0DTD1,17,17,17,17
7bv1,PRO_0000449625,2,2,2,2
7bv1,PRO_0000449626,2,2,2,2
7bv1,PRO_0000449629,9,9,9,9
7bv2,P0DTD1,16,16,16,16
7bv2,PRO_0000449625,2,2,2,2
7bv2,PRO_0000449626,2,2,2,2
7bv2,PRO_0000449629,8,8,8,8
7bw4,P0DTD1,12,12,12,12
7bw4,PRO_0000449625,2,2,2,2
7bw4,PRO_0000449626,3,3,3,3
7bw4,PRO_0000449629,7,7,7,7
7byr,PRO_0000449649,3,3,3,3
7bzf,P0DTD1,9,9,9,9
7bzf,PRO_0000449625,2,2,2,2
7bzf,PRO_0000449626,3,3,3,3
7bzf,PRO_0000449629,4,4,4,4
7c22,P0DTC9,2,2,2,2
7c2i,P0DTD1,4,4,4,4
7c2i,PRO_0000449628,3,3,3,3
7c2i,PRO_0000449633,1,1,1,1
7c2j,P0DTD1,4,4,4,4
7c2j,PRO_0000449628,3,3,3,3
7c2j,PRO_0000449633,1,1,1,1
7c2k,P0DTD1,9,9,9,9
7c2k,PRO_0000449625,2,2,2,2
7c2k,PRO_0000449626,3,3,3,3
7c2k,PRO_0000449629,4,4,4,4
7c2l,PRO_0000449649,3,3,3,3
7c2q,P0DTD1,7,7,7,7
7c2q,PRO_0000449623,7,7,7,7
7c2y,P0DTD1,7,7,7,7
7c2y,PRO_0000449623,7,7,7,7
7c33,P0DTD1,3,3,3,3
7c33,PRO_0000449621,3,3,3,3
7c53,PRO_0000449649,3,3,3,3
7c6s,P0DTD1,2,2,2,2
7c6s,PRO_0000449623,2,2,2,2
7c6u,P0DTD1,2,2,2,2
7c6u,PRO_0000449623,2,2,2,2
7c7p,P0DTD1,2,2,2,2
7c7p,PRO_0000449623,2,2,2,2
7c8b,P0DTD1,2,2,2,2
7c8b,PRO_0000449623,2,2,2,2
7c8r,P0DTD1,3,3,3,3
7c8r,PRO_0000449623,3,3,3,3
7c8t,P0DTD1,5,5,5,5
7c8t,PRO_0000449623,5,5,5,5
7c8u,P0DTD1,3,3,3,3
7c8u,PRO_0000449623,3,3,3,3
7ca8,P0DTD1,2,2,2,2
7ca8,PRO_0000449623,2,2,2,2
7cab,PRO_0000449649,3,3,3,3
7cac,PRO_0000449649,3,3,3,3
7cai,PRO_0000449649,3,3,3,3
7cak,PRO_0000449649,3,3,3,3
7cam,P0DTD1,3,3,3,3
7cam,PRO_0000449623,3,3,3,3
7cb7,P0DTD1,2,2,2,2
7cb7,PRO_0000449623,2,2,2,2
7cbt,P0DTD1,3,3,3,3
7cbt,PRO_0000449623,3,3,3,3
7cdz,P0DTC9,2,2,2,2
7ce0,P0DTC9,1,1,1,1
7chh,PRO_0000449649,3,3,3,3
7ci3,P0DTC7,2,2,2,2
7cjd,P0DTD1,3,3,3,3
7cjd,PRO_0000449621,2,2,2,2
7cjm,P0DTD1,2,2,2,2
7cjm,PRO_0000449621,1,1,1,1
7cmd,P0DTD1,4,4,4,4
7cmd,PRO_0000449621,4,4,4,4
7cn4,PRO_0000449649,1,1,1,1
7cn9,PRO_0000449649,2,2,2,2
7com,P0DTD1,2,2,2,2
7com,PRO_0000449623,2,2,2,2
7cot,PRO_0000449649,9,9,9,9
7cr5,P0DTC9,3,3,3,3
7ct5,PRO_0000449649,5,5,5,5
7ctt,P0DTD1,15,15,15,15
7ctt,PRO_0000449625,3,3,3,3
7ctt,PRO_0000449626,3,3,3,3
7ctt,PRO_0000449629,9,9,9,9
7cut,P0DTD1,2,2,2,2
7cut,PRO_0000449623,2,2,2,2
7cuu,P0DTD1,1,1,1,1
7cuu,PRO_0000449623,1,1,1,1
7cwb,P0DTD1,1,1,1,1
7cwb,PRO_0000449623,1,1,1,1
7cwc,P0DTD1,2,2,2,2
7cwc,PRO_0000449623,2,2,2,2
7cwl,PRO_0000449649,3,3,3,3
7cwm,PRO_0000449649,3,3,3,3
7cwn,PRO_0000449649,3,3,3,3
7cws,PRO_0000449649,2,2,2,2
7cwt,PRO_0000449649,2,2,2,2
7cwu,PRO_0000449649,3,3,3,3
7cx9,P0DTD1,4,4,4,4
7cx9,PRO_0000449623,4,4,4,4
7cxm,P0DTD1,12,12,12,12
7cxm,PRO_0000449625,3,3,3,3
7cxm,PRO_0000449626,3,3,3,3
7cxm,PRO_0000449629,3,3,3,3
7cxm,PRO_0000449630,2,2,2,2
7cxn,P0DTD1,12,12,12,12
7cxn,PRO_0000449625,3,3,3,3
7cxn,PRO_0000449626,3,3,3,3
7cxn,PRO_0000449629,3,3,3,3
7cxn,PRO_0000449630,2,2,2,2
7cyp,PRO_0000449649,3,3,3,3
7cyq,P0DTD1,16,16,16,16
7cyq,PRO_0000449625,3,3,3,3
7cyq,PRO_0000449626,3,3,3,3
7cyq,PRO_0000449627,1,1,1,1
7cyq,PRO_0000449629,3,3,3,3
7cyq,PRO_0000449630,6,6,6,6
7cz4,P0DTD1,2,2,2,2
7cz4,PRO_0000449621,2,2,2,2
7czp,PRO_0000449649,5,5,5,5
7czq,PRO_0000449649,5,5,5,5
7czr,PRO_0000449649,5,5,5,5
7czs,PRO_0000449649,5,5,5,5
7czt,PRO_0000449649,5,5,5,5
7czu,PRO_0000449649,5,5,5,5
7czv,PRO_0000449649,5,5,5,5
7czw,PRO_0000449649,5,5,5,5
7czx,PRO_0000449649,5,5,5,5
7czy,PRO_0000449649,5,5,5,5
7czz,PRO_0000449649,5,5,5,5
7d00,PRO_0000449649,5,5,5,5
7d03,PRO_0000449649,5,5,5,5
7d0b,PRO_0000449649,5,5,5,5
7d0c,PRO_0000449649,5,5,5,5
7d0d,PRO_0000449649,5,5,5,5
7d1m,P0DTD1,2,2,2,2
7d1m,PRO_0000449623,2,2,2,2
7d1o,P0DTD1,2,2,2,2
7d1o,PRO_0000449623,2,2,2,2
7d3i,P0DTD1,2,2,2,2
7d3i,PRO_0000449623,2,2,2,2
7d47,P0DTD1,4,4,4,4
7d47,PRO_0000449621,3,3,3,3
7d4f,P0DTD1,16,16,16,16
7d4f,PRO_0000449625,2,2,2,2
7d4f,PRO_0000449626,2,2,2,2
7d4f,PRO_0000449629,8,8,8,8
7d6h,P0DTC1,1,1,1,1
7d7k,P0DTD1,2,2,2,2
7d7k,PRO_0000449621,1,1,1,1
7d7l,P0DTD1,2,2,2,2
7d7l,PRO_0000449621,1,1,1,1
7dcc,PRO_0000449649,3,3,3,3
7dcd,P0DTD1,5,5,5,5
7dcd,PRO_0000449625,3,3,3,3
7dcd,PRO_0000449626,2,2,2,2
7dcx,PRO_0000449649,3,3,3,3
7dd2,PRO_0000449649,3,3,3,3
7dd8,PRO_0000449649,3,3,3,3
7ddd,PRO_0000449649,1,1,1,1
7ddn,PRO_0000449649,3,3,3,3
7de1,P0DTC9,1,1,1,1
7df3,PRO_0000449649,1,1,1,1
7df4,PRO_0000449649,3,3,3,3
7dhg,P0DTD2,3,3,3,3
7diy,P0DTD1,5,5,5,5
7diy,PRO_0000449628,2,2,2,2
7diy,PRO_0000449631,3,3,3,3
7djr,P0DTD1,2,2,2,2
7djr,PRO_0000449623,2,2,2,2
7dk1,P0DTD1,2,2,2,2
7dk1,PRO_0000449623,2,2,2,2
7dk3,PRO_0000449649,3,3,3,3
7dk4,PRO_0000449649,3,3,3,3
7dk5,PRO_0000449649,3,3,3,3
7dk6,PRO_0000449649,3,3,3,3
7dk7,PRO_0000449649,3,3,3,3
7dpp,P0DTD1,3,3,3,3
7dpp,PRO_0000449623,3,3,3,3
7dpu,P0DTD1,1,1,1,1
7dpu,PRO_0000449623,1,1,1,1
7dpv,P0DTD1,3,3,3,3
7dpv,PRO_0000449623,3,3,3,3
7dwx,PRO_0000449649,5,5,5,5
7dwy,PRO_0000449649,3,3,3,3
7dwz,PRO_0000449649,5,5,5,5
7dx0,PRO_0000449649,5,5,5,5
7dx1,PRO_0000449649,5,5,5,5
7dx2,PRO_0000449649,5,5,5,5
7dx3,PRO_0000449649,5,5,5,5
7dx5,PRO_0000449649,5,5,5,5
7dx6,PRO_0000449649,5,5,5,5
7dx7,PRO_0000449649,5,5,5,5
7dx8,PRO_0000449649,5,5,5,5
7dx9,PRO_0000449649,5,5,5,5
7dzw,PRO_0000449649,1,1,1,1
7dzy,PRO_0000449649,1,1,1,1
7e18,P0DTD1,2,2,2,2
7e18,PRO_0000449623,2,2,2,2
7e19,P0DTD1,2,2,2,2
7e19,PRO_0000449623,2,2,2,2
7e35,P0DTD1,2,2,2,2
7e35,PRO_0000449621,1,1,1,1
7e3k,PRO_0000449649,3,3,3,3
7e3l,PRO_0000449649,3,3,3,3
7e7b,PRO_0000449649,1,1,1,1
7e7d,PRO_0000449649,1,1,1,1
7e8c,PRO_0000449649,3,3,3,3
7eaz,PRO_0000449649,3,3,3,3
7eb0,PRO_0000449649,3,3,3,3
7eb3,PRO_0000449649,3,3,3,3
7eb4,PRO_0000449649,3,3,3,3
7eb5,PRO_0000449649,3,3,3,3
7edf,PRO_0000449649,3,3,3,3
7edg,PRO_0000449649,3,3,3,3
7edh,PRO_0000449649,3,3,3,3
7edi,PRO_0000449649,3,3,3,3
7edj,PRO_0000449649,3,3,3,3
7egq,P0DTD1,16,16,16,16
7egq,PRO_0000449625,3,3,3,3
7egq,PRO_0000449626,3,3,3,3
7egq,PRO_0000449627,1,1,1,1
7egq,PRO_0000449628,2,2,2,2
7egq,PRO_0000449629,3,3,3,3
7egq,PRO_0000449630,2,2,2,2
7egq,PRO_0000449631,2,2,2,2
7eh5,PRO_0000449649,3,3,3,3
7ein,P0DTC1,2,2,2,2
7eiz,P0DTC1,3,3,3,3
7eiz,P0DTD1,13,13,13,13
7eiz,PRO_0000449626,3,3,3,3
7eiz,PRO_0000449627,1,1,1,1
7eiz,PRO_0000449628,2,2,2,2
7eiz,PRO_0000449629,2,2,2,2
7eiz,PRO_0000449630,2,2,2,2
7eiz,PRO_0000449631,3,3,3,3
7ej4,PRO_0000449649,3,3,3,3
7ej5,PRO_0000449649,3,3,3,3
7ek6,PRO_0000449649,4,4,4,4
7eq4,P0DTD1,3,3,3,3
7eq4,PRO_0000449619,3,3,3,3
7exm,P0DTD1,1,1,1,1
7exm,PRO_0000449620,1,1,1,1
7f2b,P0DTC9,1,1,1,1
7fay,P0DTC1,2,2,2,2
7faz,P0DTC1,2,2,2,2
7jfq,P0DTD1,2,2,2,2
7jfq,PRO_0000449623,2,2,2,2
7jhe,P0DTD1,4,4,4,4
7jhe,PRO_0000449628,3,3,3,3
7jhe,PRO_0000449633,1,1,1,1
7jib,P0DTD1,4,4,4,4
7jib,PRO_0000449628,3,3,3,3
7jib,PRO_0000449633,1,1,1,1
7jir,P0DTD1,4,4,4,4
7jir,PRO_0000449621,3,3,3,3
7jit,P0DTD1,3,3,3,3
7jit,PRO_0000449621,2,2,2,2
7jiv,P0DTD1,3,3,3,3
7jiv,PRO_0000449621,2,2,2,2
7jiw,P0DTD1,4,4,4,4
7jiw,PRO_0000449621,4,4,4,4
7jji,PRO_0000449649,1,1,1,1
7jjj,PRO_0000449649,1,1,1,1
7jkv,P0DTD1,2,2,2,2
7jkv,PRO_0000449623,2,2,2,2
7jlt,P0DTD1,5,5,5,5
7jlt,PRO_0000449625,2,2,2,2
7jlt,PRO_0000449626,3,3,3,3
7jme,P0DTD1,3,3,3,3
7jme,PRO_0000449621,3,3,3,3
7jn2,P0DTD1,2,2,2,2
7jn2,PRO_0000449621,2,2,2,2
7joy,P0DTD1,2,2,2,2
7joy,PRO_0000449623,1,1,1,1
7jp1,P0DTD1,1,1,1,1
7jp1,PRO_0000449623,1,1,1,1
7jpe,P0DTD1,4,4,4,4
7jpe,PRO_0000449628,3,3,3,3
7jpe,PRO_0000449633,1,1,1,1
7jpy,P0DTD1,2,2,2,2
7jpy,PRO_0000449623,2,2,2,2
7jpz,P0DTD1,3,3,3,3
7jpz,PRO_0000449623,3,3,3,3
7jq0,P0DTD1,3,3,3,3
7jq0,PRO_0000449623,3,3,3,3
7jq1,P0DTD1,3,3,3,3
7jq1,PRO_0000449623,3,3,3,3
7jq2,P0DTD1,2,2,2,2
7jq2,PRO_0000449623,2,2,2,2
7jq3,P0DTD1,3,3,3,3
7jq3,PRO_0000449623,3,3,3,3
7jq4,P0DTD1,3,3,3,3
7jq4,PRO_0000449623,3,3,3,3
7jq5,P0DTD1,3,3,3,3
7jq5,PRO_0000449623,3,3,3,3
7jqb,P0DTD1,1,1,1,1
7jqb,PRO_0000449619,1,1,1,1
7jqc,P0DTD1,1,1,1,1
7jqc,PRO_0000449619,1,1,1,1
7jr3,P0DTD1,2,2,2,2
7jr3,PRO_0000449623,2,2,2,2
7jr4,P0DTD1,5,5,5,5
7jr4,PRO_0000449623,5,5,5,5
7jrn,P0DTD1,1,1,1,1
7jrn,PRO_0000449621,1,1,1,1
7jst,P0DTD1,2,2,2,2
7jst,PRO_0000449623,2,2,2,2
7jsu,P0DTD1,2,2,2,2
7jsu,PRO_0000449623,2,2,2,2
7jt0,P0DTD1,4,4,4,4
7jt0,PRO_0000449623,4,4,4,4
7jt7,P0DTD1,1,1,1,1
7jt7,PRO_0000449623,1,1,1,1
7jtl,P0DTC8,3,3,3,3
7ju7,P0DTD1,2,2,2,2
7ju7,PRO_0000449623,2,2,2,2
7jun,P0DTD1,1,1,1,1
7jun,PRO_0000449623,1,1,1,1
7jv4,PRO_0000449649,3,3,3,3
7jv6,PRO_0000449649,3,3,3,3
7jvc,PRO_0000449649,3,3,3,3
7jvz,P0DTD1,1,1,1,1
7jvz,PRO_0000449623,1,1,1,1
7jw0,PRO_0000449649,3,3,3,3
7jw8,P0DTD1,1,1,1,1
7jw8,PRO_0000449623,1,1,1,1
7jwb,PRO_0000449649,3,3,3,3
7jwy,PRO_0000449649,1,1,1,1
7jx6,P0DTC8,1,1,1,1
7jyc,P0DTD1,1,1,1,1
7jyc,PRO_0000449623,1,1,1,1
7jyy,P0DTD1,3,3,3,3
7jyy,PRO_0000449628,2,2,2,2
7jyy,PRO_0000449633,1,1,1,1
7jz0,P0DTD1,3,3,3,3
7jz0,PRO_0000449628,2,2,2,2
7jz0,PRO_0000449633,1,1,1,1
7jzl,PRO_0000449649,3,3,3,3
7jzn,PRO_0000449649,3,3,3,3
7k0e,P0DTD1,3,3,3,3
7k0e,PRO_0000449623,3,3,3,3
7k0f,P0DTD1,3,3,3,3
7k0f,PRO_0000449623,3,3,3,3
7k0r,P0DTD1,2,2,2,2
7k0r,PRO_0000449632,2,2,2,2
7k1l,P0DTD1,2,2,2,2
7k1l,PRO_0000449632,2,2,2,2
7k1o,P0DTD1,2,2,2,2
7k1o,PRO_0000449632,2,2,2,2
7k3g,P0DTC4,1,1,1,1
7k3n,P0DTD1,5,5,5,5
7k3n,PRO_0000449619,5,5,5,5
7k3t,P0DTD1,1,1,1,1
7k3t,PRO_0000449623,1,1,1,1
7k40,P0DTD1,1,1,1,1
7k40,PRO_0000449623,1,1,1,1
7k43,PRO_0000449649,3,3,3,3
7k4n,PRO_0000449649,3,3,3,3
7k5i,P0DTD1,3,3,3,3
7k5i,PRO_0000449619,3,3,3,3
7k6d,P0DTD1,2,2,2,2
7k6d,PRO_0000449623,2,2,2,2
7k6e,P0DTD1,2,2,2,2
7k6e,PRO_0000449623,2,2,2,2
7k7p,P0DTD1,2,2,2,2
7k7p,PRO_0000449619,2,2,2,2
7k8s,PRO_0000449649,3,3,3,3
7k8t,PRO_0000449649,3,3,3,3
7k8u,PRO_0000449649,3,3,3,3
7k8v,PRO_0000449649,3,3,3,3
7k8w,PRO_0000449649,3,3,3,3
7k8x,PRO_0000449649,3,3,3,3
7k8y,PRO_0000449649,3,3,3,3
7k8z,PRO_0000449649,3,3,3,3
7k90,PRO_0000449649,3,3,3,3
7k9p,P0DTD1,1,1,1,1
7k9p,PRO_0000449632,1,1,1,1
7kag,P0DTD1,1,1,1,1
7kag,PRO_0000449621,1,1,1,1
7kdg,PRO_0000449649,3,3,3,3
7kdh,PRO_0000449649,3,3,3,3
7kdi,PRO_0000449649,3,3,3,3
7kdj,PRO_0000449649,3,3,3,3
7kdk,PRO_0000449649,3,3,3,3
7kdl,PRO_0000449649,3,3,3,3
7kdt,P0DTD2,3,3,3,3
7ke4,PRO_0000449649,3,3,3,3
7ke6,PRO_0000449649,3,3,3,3
7ke7,PRO_0000449649,3,3,3,3
7ke8,PRO_0000449649,3,3,3,3
7ke9,PRO_0000449649,3,3,3,3
7kea,PRO_0000449649,3,3,3,3
7keb,PRO_0000449649,3,3,3,3
7kec,PRO_0000449649,3,3,3,3
7keg,P0DTD1,1,1,1,1
7keg,PRO_0000449632,1,1,1,1
7keh,P0DTD1,1,1,1,1
7keh,PRO_0000449632,1,1,1,1
7kf4,P0DTD1,1,1,1,1
7kf4,PRO_0000449632,1,1,1,1
7kfi,P0DTD1,2,2,2,2
7kfi,PRO_0000449623,2,2,2,2
7kg3,P0DTD1,2,2,2,2
7kg3,PRO_0000449621,2,2,2,2
7kgo,P0DTC9,1,1,1,1
7kgp,P0DTC9,1,1,1,1
7kgq,P0DTC9,1,1,1,1
7kgr,P0DTC9,1,1,1,1
7kgs,P0DTC9,1,1,1,1
7kgt,P0DTC9,2,2,2,2
7khp,P0DTD1,1,1,1,1
7khp,PRO_0000449623,1,1,1,1
7kj2,PRO_0000449649,3,3,3,3
7kj3,PRO_0000449649,3,3,3,3
7kj4,PRO_0000449649,3,3,3,3
7kj5,PRO_0000449649,3,3,3,3
7kjr,P0DTC3,5,5,5,5
7kkk,PRO_0000449649,3,3,3,3
7kkl,PRO_0000449649,3,3,3,3
7kl9,PRO_0000449649,3,3,3,3
7kmk,PRO_0000449649,3,3,3,3
7kml,PRO_0000449649,3,3,3,3
7kms,PRO_0000449649,3,3,3,3
7kmz,PRO_0000449649,3,3,3,3
7knb,PRO_0000449649,3,3,3,3
7kne,PRO_0000449649,3,3,3,3
7knh,PRO_0000449649,3,3,3,3
7kni,PRO_0000449649,3,3,3,3
7koa,P0DTD1,4,4,4,4
7koa,PRO_0000449628,2,2,2,2
7koa,PRO_0000449633,2,2,2,2
7koj,P0DTD1,4,4,4,4
7koj,PRO_0000449621,3,3,3,3
7kok,P0DTD1,4,4,4,4
7kok,PRO_0000449621,3,3,3,3
7kol,P0DTD1,3,3,3,3
7kol,PRO_0000449621,3,3,3,3
7kph,P0DTD1,1,1,1,1
7kph,PRO_0000449623,1,1,1,1
7kqb,PRO_0000449649,5,5,5,5
7kqe,PRO_0000449649,5,5,5,5
7kqo,P0DTD1,1,1,1,1
7kqo,PRO_0000449621,1,1,1,1
7kqp,P0DTD1,1,1,1,1
7kqp,PRO_0000449621,1,1,1,1
7kqw,P0DTD1,5,5,5,5
7kqw,PRO_0000449621,5,5,5,5
7kr0,P0DTD1,1,1,1,1
7kr0,PRO_0000449621,1,1,1,1
7kr1,P0DTD1,2,2,2,2
7kr1,PRO_0000449621,2,2,2,2
7kri,P0DTD1,1,1,1,1
7kri,PRO_0000449627,1,1,1,1
7krn,P0DTD1,10,10,10,10
7krn,PRO_0000449625,2,2,2,2
7krn,PRO_0000449626,2,2,2,2
7krn,PRO_0000449629,3,3,3,3
7krn,PRO_0000449630,2,2,2,2
7kro,P0DTD1,10,10,10,10
7kro,PRO_0000449625,2,2,2,2
7kro,PRO_0000449626,2,2,2,2
7kro,PRO_0000449629,3,3,3,3
7kro,PRO_0000449630,2,2,2,2
7krp,P0DTD1,8,8,8,8
7krp,PRO_0000449625,2,2,2,2
7krp,PRO_0000449626,2,2,2,2
7krp,PRO_0000449629,3,3,3,3
7krq,PRO_0000449649,1,1,1,1
7krr,PRO_0000449649,3,3,3,3
7krs,PRO_0000449649,1,1,1,1
7krx,P0DTD1,6,6,6,6
7krx,PRO_0000449621,5,5,5,5
7ks9,PRO_0000449649,3,3,3,3
7ksg,PRO_0000449649,3,3,3,3
7kvl,P0DTD1,2,2,2,2
7kvl,PRO_0000449623,2,2,2,2
7kvr,P0DTD1,2,2,2,2
7kvr,PRO_0000449623,2,2,2,2
7kx5,P0DTD1,2,2,2,2
7kx5,PRO_0000449623,2,2,2,2
7kxb,P0DTD1,2,2,2,2
7kxb,PRO_0000449621,2,2,2,2
7kxj,PRO_0000449649,3,3,3,3
7kxk,PRO_0000449649,3,3,3,3
7kyu,P0DTD1,4,4,4,4
7kyu,PRO_0000449623,4,4,4,4
7l02,PRO_0000449649,2,2,2,2
7l06,PRO_0000449649,2,2,2,2
7l09,PRO_0000449649,2,2,2,2
7l0d,P0DTD1,2,2,2,2
7l0d,PRO_0000449623,2,2,2,2
7l10,P0DTD1,4,4,4,4
7l10,PRO_0000449623,4,4,4,4
7l11,P0DTD1,1,1,1,1
7l11,PRO_0000449623,1,1,1,1
7l12,P0DTD1,2,2,2,2
7l12,PRO_0000449623,2,2,2,2
7l13,P0DTD1,2,2,2,2
7l13,PRO_0000449623,2,2,2,2
7l14,P0DTD1,1,1,1,1
7l14,PRO_0000449623,1,1,1,1
7l1f,P0DTD1,9,9,9,9
7l1f,PRO_0000449625,1,1,1,1
7l1f,PRO_0000449626,1,1,1,1
7l1f,PRO_0000449629,7,7,7,7
7l2d,PRO_0000449649,3,3,3,3
7l2e,PRO_0000449649,1,1,1,1
7l2f,PRO_0000449649,3,3,3,3
7l3n,PRO_0000449649,3,3,3,3
7l56,PRO_0000449649,3,3,3,3
7l57,PRO_0000449649,3,3,3,3
7l58,PRO_0000449649,5,5,5,5
7l5d,P0DTD1,2,2,2,2
7l5d,PRO_0000449623,2,2,2,2
7l6r,P0DTD1,6,6,6,6
7l6r,PRO_0000449628,5,5,5,5
7l6r,PRO_0000449633,1,1,1,1
7l6t,P0DTD1,4,4,4,4
7l6t,PRO_0000449628,3,3,3,3
7l6t,PRO_0000449633,1,1,1,1
7l7k,PRO_0000449649,3,3,3,3
7l8i,P0DTD1,2,2,2,2
7l8i,PRO_0000449623,2,2,2,2
7l8j,P0DTD1,2,2,2,2
7l8j,PRO_0000449623,2,2,2,2
7laa,PRO_0000449649,2,2,2,2
7lab,PRO_0000449649,2,2,2,2
7lb7,P0DTD1,1,1,1,1
7lb7,PRO_0000449623,1,1,1,1
7lbn,P0DTD1,2,2,2,2
7lbn,PRO_0000449623,2,2,2,2
7lbr,P0DTC1,1,1,1,1
7lbs,P0DTC1,1,1,1,1
7lc8,PRO_0000449649,1,1,1,1
7lcn,PRO_0000449649,2,2,2,2
7lco,P0DTD1,1,1,1,1
7lco,PRO_0000449623,1,1,1,1
7lcs,P0DTD1,1,1,1,1
7lcs,PRO_0000449623,1,1,1,1
7lct,P0DTD1,1,1,1,1
7lct,PRO_0000449623,1,1,1,1
7ld1,PRO_0000449649,2,2,2,2
7ldl,P0DTD1,1,1,1,1
7ldl,PRO_0000449623,1,1,1,1
7ldx,P0DTD1,2,2,2,2
7ldx,PRO_0000449623,2,2,2,2
7lfe,P0DTD1,2,2,2,2
7lfe,PRO_0000449623,2,2,2,2
7lfp,P0DTD1,2,2,2,2
7lfp,PRO_0000449623,2,2,2,2
7lfz,P0DTD1,1,1,1,1
7lfz,PRO_0000449630,1,1,1,1
7lg2,P0DTD1,1,1,1,1
7lg2,PRO_0000449626,1,1,1,1
7lg3,P0DTD1,1,1,1,1
7lg3,PRO_0000449625,1,1,1,1
7lg7,P0DTD1,2,2,2,2
7lg7,PRO_0000449621,2,2,2,2
7lgd,P0DTC9,1,1,1,1
7lgo,P0DTD1,2,2,2,2
7lgo,PRO_0000449621,2,2,2,2
7ljr,PRO_0000449649,3,3,3,3
7lkd,P0DTD1,2,2,2,2
7lkd,PRO_0000449623,2,2,2,2
7lke,P0DTD1,2,2,2,2
7lke,PRO_0000449623,2,2,2,2
7lkr,P0DTD1,3,3,3,3
7lkr,PRO_0000449623,3,3,3,3
7lks,P0DTD1,3,3,3,3
7lks,PRO_0000449623,3,3,3,3
7lkt,P0DTD1,3,3,3,3
7lkt,PRO_0000449623,3,3,3,3
7lku,P0DTD1,2,2,2,2
7lku,PRO_0000449623,2,2,2,2
7lkv,P0DTD1,3,3,3,3
7lkv,PRO_0000449623,3,3,3,3
7lkw,P0DTD1,3,3,3,3
7lkw,PRO_0000449623,3,3,3,3
7lkx,P0DTD1,3,3,3,3
7lkx,PRO_0000449623,3,3,3,3
7llf,P0DTC1,1,1,1,1
7llz,P0DTD1,1,1,1,1
7llz,PRO_0000449621,1,1,1,1
7lmc,P0DTD1,2,2,2,2
7lmc,PRO_0000449622,1,1,1,1
7lmc,PRO_0000449623,1,1,1,1
7lmd,P0DTD1,2,2,2,2
7lmd,PRO_0000449623,2,2,2,2
7lme,P0DTD1,2,2,2,2
7lme,PRO_0000449623,2,2,2,2
7lmf,P0DTD1,2,2,2,2
7lmf,PRO_0000449623,2,2,2,2
7los,P0DTD1,1,1,1,1
7los,PRO_0000449621,1,1,1,1
7lqv,PRO_0000449649,1,1,1,1
7lqw,PRO_0000449649,3,3,3,3
7lrt,PRO_0000449649,3,3,3,3
7ls9,PRO_0000449649,1,1,1,1
7lss,PRO_0000449649,3,3,3,3
7ltj,P0DTD1,1,1,1,1
7ltj,PRO_0000449623,1,1,1,1
7ltu,P0DTC9,1,1,1,1
7lux,P0DTC9,1,1,1,1
7luz,P0DTC9,1,1,1,1
7lv2,P0DTC9,1,1,1,1
7lw3,P0DTD1,4,4,4,4
7lw3,PRO_0000449628,3,3,3,3
7lw3,PRO_0000449633,1,1,1,1
7lw4,P0DTD1,5,5,5,5
7lw4,PRO_0000449628,3,3,3,3
7lw4,PRO_0000449633,1,1,1,1
7lwi,PRO_0000449649,3,3,3,3
7lwj,PRO_0000449649,3,3,3,3
7lwk,PRO_0000449649,3,3,3,3
7lwl,PRO_0000449649,3,3,3,3
7lwm,PRO_0000449649,3,3,3,3
7lwn,PRO_0000449649,3,3,3,3
7lwo,PRO_0000449649,3,3,3,3
7lwp,PRO_0000449649,3,3,3,3
7lwq,PRO_0000449649,3,3,3,3
7lws,PRO_0000449649,3,3,3,3
7lwt,PRO_0000449649,3,3,3,3
7lwu,PRO_0000449649,3,3,3,3
7lwv,PRO_0000449649,3,3,3,3
7lww,PRO_0000449649,3,3,3,3
7lxy,PRO_0000449649,3,3,3,3
7lxz,PRO_0000449649,3,3,3,3
7ly2,PRO_0000449649,3,3,3,3
7lyh,P0DTD1,2,2,2,2
7lyh,PRO_0000449623,2,2,2,2
7lyi,P0DTD1,3,3,3,3
7lyi,PRO_0000449623,3,3,3,3
7lyk,PRO_0000449649,3,3,3,3
7lyl,PRO_0000449649,3,3,3,3
7lym,PRO_0000449649,3,3,3,3
7lyn,PRO_0000449649,3,3,3,3
7lyo,PRO_0000449649,3,3,3,3
7lyp,PRO_0000449649,3,3,3,3
7lyq,PRO_0000449649,3,3,3,3
7lzt,P0DTD1,3,3,3,3
7lzt,PRO_0000449623,3,3,3,3
7lzu,P0DTD1,3,3,3,3
7lzu,PRO_0000449623,3,3,3,3
7lzv,P0DTD1,3,3,3,3
7lzv,PRO_0000449623,3,3,3,3
7lzw,P0DTD1,3,3,3,3
7lzw,PRO_0000449623,3,3,3,3
7lzx,P0DTD1,2,2,2,2
7lzx,PRO_0000449623,2,2,2,2
7lzy,P0DTD1,3,3,3,3
7lzy,PRO_0000449623,3,3,3,3
7lzz,P0DTD1,3,3,3,3
7lzz,PRO_0000449623,3,3,3,3
7m00,P0DTD1,5,5,5,5
7m00,PRO_0000449623,5,5,5,5
7m01,P0DTD1,3,3,3,3
7m01,PRO_0000449623,3,3,3,3
7m02,P0DTD1,3,3,3,3
7m02,PRO_0000449623,3,3,3,3
7m03,P0DTD1,3,3,3,3
7m03,PRO_0000449623,3,3,3,3
7m04,P0DTD1,3,3,3,3
7m04,PRO_0000449623,3,3,3,3
7m0j,PRO_0000449649,3,3,3,3
7m1y,P0DTD1,3,3,3,3
7m1y,PRO_0000449621,2,2,2,2
7m2p,P0DTD1,2,2,2,2
7m2p,PRO_0000449623,2,2,2,2
7m4r,P0DTC4,2,2,2,2
7m53,PRO_0000449649,3,3,3,3
7m6e,PRO_0000449649,3,3,3,3
7m6f,PRO_0000449649,3,3,3,3
7m6g,PRO_0000449649,3,3,3,3
7m6h,PRO_0000449649,3,3,3,3
7m6i,PRO_0000449649,3,3,3,3
7m8k,PRO_0000449649,3,3,3,3
7m8m,P0DTD1,2,2,2,2
7m8m,PRO_0000449623,2,2,2,2
7m8n,P0DTD1,2,2,2,2
7m8n,PRO_0000449623,2,2,2,2
7m8o,P0DTD1,4,4,4,4
7m8o,PRO_0000449623,4,4,4,4
7m8p,P0DTD1,2,2,2,2
7m8p,PRO_0000449623,2,2,2,2
7m8u,PRO_0000449649,1,1,1,1
7m8x,P0DTD1,4,4,4,4
7m8x,PRO_0000449623,4,4,4,4
7m8y,P0DTD1,3,3,3,3
7m8y,PRO_0000449623,3,3,3,3
7m8z,P0DTD1,6,6,6,6
7m8z,PRO_0000449623,6,6,6,6
7m90,P0DTD1,16,16,16,16
7m90,PRO_0000449623,16,16,16,16
7m91,P0DTD1,4,4,4,4
7m91,PRO_0000449623,4,4,4,4
7mbg,P0DTD1,2,2,2,2
7mbg,PRO_0000449623,2,2,2,2
7mbi,P0DTD1,1,1,1,1
7mbi,PRO_0000449623,1,1,1,1
7mc5,P0DTD1,5,5,5,5
7mc5,PRO_0000449627,1,1,1,1
7mc5,PRO_0000449628,2,2,2,2
7mc5,PRO_0000449631,1,1,1,1
7mc6,P0DTD1,7,7,7,7
7mc6,PRO_0000449627,1,1,1,1
7mc6,PRO_0000449628,2,2,2,2
7mc6,PRO_0000449631,3,3,3,3
7me0,P0DTD1,2,2,2,2
7me0,PRO_0000449632,2,2,2,2
7mgr,P0DTD1,3,3,3,3
7mgr,PRO_0000449623,2,2,2,2
7mgs,P0DTD1,3,3,3,3
7mgs,PRO_0000449623,2,2,2,2
7mhf,P0DTD1,1,1,1,1
7mhf,PRO_0000449623,1,1,1,1
7mhg,P0DTD1,1,1,1,1
7mhg,PRO_0000449623,1,1,1,1
7mhh,P0DTD1,1,1,1,1
7mhh,PRO_0000449623,1,1,1,1
7mhi,P0DTD1,1,1,1,1
7mhi,PRO_0000449623,1,1,1,1
7mhj,P0DTD1,1,1,1,1
7mhj,PRO_0000449623,1,1,1,1
7mhk,P0DTD1,1,1,1,1
7mhk,PRO_0000449623,1,1,1,1
7mhl,P0DTD1,1,1,1,1
7mhl,PRO_0000449623,1,1,1,1
7mhm,P0DTD1,1,1,1,1
7mhm,PRO_0000449623,1,1,1,1
7mhn,P0DTD1,1,1,1,1
7mhn,PRO_0000449623,1,1,1,1
7mho,P0DTD1,1,1,1,1
7mho,PRO_0000449623,1,1,1,1
7mhp,P0DTD1,1,1,1,1
7mhp,PRO_0000449623,1,1,1,1
7mhq,P0DTD1,1,1,1,1
7mhq,PRO_0000449623,1,1,1,1
7mjg,PRO_0000449649,3,3,3,3
7mjh,PRO_0000449649,3,3,3,3
7mjj,PRO_0000449649,3,3,3,3
7mjk,PRO_0000449649,3,3,3,3
7mjm,PRO_0000449649,3,3,3,3
7mkl,PRO_0000449649,2,2,2,2
7mm0,PRO_0000449649,3,3,3,3
7mng,P0DTD1,1,1,1,1
7mng,PRO_0000449623,1,1,1,1
7mpb,P0DTD1,1,1,1,1
7mpb,PRO_0000449623,1,1,1,1
7mrr,P0DTD1,1,1,1,1
7mrr,PRO_0000449623,1,1,1,1
7msw,P0DTD1,2,2,2,2
7msw,PRO_0000449620,2,2,2,2
7msx,P0DTD1,7,7,7,7
7msx,PRO_0000449620,7,7,7,7
7mtc,PRO_0000449649,3,3,3,3
7mtd,PRO_0000449649,3,3,3,3
7mte,PRO_0000449649,3,3,3,3
7my2,PRO_0000449649,3,3,3,3
7my3,PRO_0000449649,3,3,3,3
7my8,PRO_0000449649,1,1,1,1
7n06,P0DTD1,1,1,1,1
7n06,PRO_0000449632,1,1,1,1
7n0b,P0DTD1,7,7,7,7
7n0b,PRO_0000449628,2,2,2,2
7n0b,PRO_0000449631,5,5,5,5
7n0c,P0DTD1,6,6,6,6
7n0c,PRO_0000449628,2,2,2,2
7n0c,PRO_0000449631,4,4,4,4
7n0d,P0DTD1,7,7,7,7
7n0d,PRO_0000449628,2,2,2,2
7n0d,PRO_0000449631,5,5,5,5
7n0g,PRO_0000449649,3,3,3,3
7n0h,PRO_0000449649,3,3,3,3
7n0i,P0DTC9,1,1,1,1
7n0r,P0DTC9,1,1,1,1
7n1b,PRO_0000449649,1,1,1,1
7n1e,PRO_0000449649,1,1,1,1
7n1q,PRO_0000449649,3,3,3,3
7n1t,PRO_0000449649,1,1,1,1
7n1u,PRO_0000449649,3,3,3,3
7n1v,PRO_0000449649,3,3,3,3
7n1w,PRO_0000449649,3,3,3,3
7n1x,PRO_0000449649,3,3,3,3
7n1y,PRO_0000449649,3,3,3,3
7n33,P0DTD1,1,1,1,1
7n33,PRO_0000449632,1,1,1,1
7n3c,P0DTC9,1,1,1,1
7n3d,P0DTC9,5,5,5,5
7n44,P0DTD1,6,6,6,6
7n44,PRO_0000449623,6,6,6,6
7n5z,P0DTD1,2,2,2,2
7n5z,PRO_0000449623,1,1,1,1
7n6n,P0DTD1,4,4,4,4
7n6n,PRO_0000449622,2,2,2,2
7n6n,PRO_0000449623,1,1,1,1
7n7r,P0DTD1,1,1,1,1
7n7r,PRO_0000449632,1,1,1,1
7n7u,P0DTD1,1,1,1,1
7n7u,PRO_0000449632,1,1,1,1
7n7w,P0DTD1,1,1,1,1
7n7w,PRO_0000449632,1,1,1,1
7n7y,P0DTD1,1,1,1,1
7n7y,PRO_0000449632,1,1,1,1
7n83,P0DTD1,1,1,1,1
7n83,PRO_0000449632,1,1,1,1
7n89,P0DTD1,2,2,2,2
7n89,PRO_0000449623,1,1,1,1
7n8c,P0DTD1,1,1,1,1
7n8c,PRO_0000449623,1,1,1,1
7n8h,PRO_0000449649,3,3,3,3
7n9b,PRO_0000449649,3,3,3,3
7n9c,PRO_0000449649,3,3,3,3
7n9e,PRO_0000449649,3,3,3,3
7nbr,P0DTD1,2,2,2,2
7nbr,PRO_0000449623,2,2,2,2
7nbs,P0DTD1,2,2,2,2
7nbs,PRO_0000449623,2,2,2,2
7nby,P0DTD1,2,2,2,2
7nby,PRO_0000449623,2,2,2,2
7nd3,PRO_0000449649,3,3,3,3
7nd4,PRO_0000449649,3,3,3,3
7nd5,PRO_0000449649,3,3,3,3
7nd6,PRO_0000449649,3,3,3,3
7nd7,PRO_0000449649,3,3,3,3
7nd8,PRO_0000449649,3,3,3,3
7nd9,PRO_0000449649,5,5,5,5
7nda,PRO_0000449649,3,3,3,3
7ndb,PRO_0000449649,3,3,3,3
7ndc,PRO_0000449649,3,3,3,3
7ndd,PRO_0000449649,3,3,3,3
7nev,P0DTD1,2,2,2,2
7nev,PRO_0000449623,2,2,2,2
7nf5,P0DTD1,2,2,2,2
7nf5,PRO_0000449623,2,2,2,2
7nfv,P0DTD1,1,1,1,1
7nfv,PRO_0000449621,1,1,1,1
7ng3,P0DTD1,1,1,1,1
7ng3,PRO_0000449623,1,1,1,1
7ng6,P0DTD1,2,2,2,2
7ng6,PRO_0000449623,2,2,2,2
7nio,P0DTD1,4,4,4,4
7nio,PRO_0000449630,4,4,4,4
7nn0,P0DTD1,4,4,4,4
7nn0,PRO_0000449630,4,4,4,4
7nng,P0DTD1,7,7,7,7
7nng,PRO_0000449630,7,7,7,7
7nt1,P0DTD1,2,2,2,2
7nt1,PRO_0000449623,2,2,2,2
7nt2,P0DTD1,2,2,2,2
7nt2,PRO_0000449623,2,2,2,2
7nt3,P0DTD1,2,2,2,2
7nt3,PRO_0000449623,2,2,2,2
7nt9,PRO_0000449649,3,3,3,3
7nta,PRO_0000449649,3,3,3,3
7ntc,PRO_0000449649,3,3,3,3
7ntk,P0DTC4,2,2,2,2
7ntv,P0DTD1,2,2,2,2
7ntv,PRO_0000449623,2,2,2,2
7nuk,P0DTD1,1,1,1,1
7nuk,PRO_0000449623,1,1,1,1
7nw2,P0DTC1,2,2,2,2
7o7y,P0DTD1,3,3,3,3
7o7y,PRO_0000449628,1,1,1,1
7o7y,PRO_0000449629,1,1,1,1
7o7z,P0DTD1,3,3,3,3
7o7z,PRO_0000449628,1,1,1,1
7o7z,PRO_0000449629,1,1,1,1
7o80,P0DTD1,3,3,3,3
7o80,PRO_0000449628,1,1,1,1
7o80,PRO_0000449629,1,1,1,1
7o81,P0DTD1,3,3,3,3
7o81,PRO_0000449628,2,2,2,2
7oan,PRO_0000449649,3,3,3,3
7ofs,P0DTD1,1,1,1,1
7ofs,PRO_0000449621,1,1,1,1
7oft,P0DTD1,1,1,1,1
7oft,PRO_0000449621,1,1,1,1
7ofu,P0DTC1,1,1,1,1
7oyg,P0DTD1,14,14,14,14
7oyg,PRO_0000449625,2,2,2,2
7oyg,PRO_0000449626,3,3,3,3
7oyg,PRO_0000449629,9,9,9,9
7ozu,P0DTD1,14,14,14,14
7ozu,PRO_0000449625,2,2,2,2
7ozu,PRO_0000449626,3,3,3,3
7ozu,PRO_0000449629,9,9,9,9
7ozv,P0DTD1,14,14,14,14
7ozv,PRO_0000449625,2,2,2,2
7ozv,PRO_0000449626,3,3,3,3
7ozv,PRO_0000449629,9,9,9,9
7p77,PRO_0000449649,3,3,3,3
7p78,PRO_0000449649,3,3,3,3
7p79,PRO_0000449649,3,3,3,3
7p7a,PRO_0000449649,3,3,3,3
7p7b,PRO_0000449649,5,5,5,5
7r7h,P0DTD1,1,1,1,1
7r7h,PRO_0000449623,1,1,1,1
7r8m,PRO_0000449649,3,3,3,3
7r8n,PRO_0000449649,3,3,3,3
7r8o,PRO_0000449649,3,3,3,3
7r98,P0DTC9,3,3,3,3
7ra8,PRO_0000449649,3,3,3,3
7rb0,P0DTD1,2,2,2,2
7rb0,PRO_0000449632,2,2,2,2
7rb2,P0DTD1,2,2,2,2
7rb2,PRO_0000449632,2,2,2,2
7rkv,PRO_0000449649,3,3,3,3
7rn0,P0DTD1,2,2,2,2
7rn0,PRO_0000449623,2,2,2,2
7rn1,P0DTD1,2,2,2,2
7rn1,PRO_0000449623,2,2,2,2
7rnj,PRO_0000449649,1,1,1,1
7rqg,P0DTD1,2,2,2,2
7rqg,PRO_0000449621,2,2,2,2
7rw2,PRO_0000449649,3,3,3,3
7rzc,P0DTC1,2,2,2,2
7s3k,P0DTD1,1,1,1,1
7s3k,PRO_0000449623,1,1,1,1
7s3s,P0DTD1,1,1,1,1
7s3s,PRO_0000449623,1,1,1,1
7s4b,P0DTD1,1,1,1,1
7s4b,PRO_0000449623,1,1,1,1
CATH-B domains,P0DTC7,1,1,1,1
CATH-B domains,P0DTD1,7,7,7,7
CATH-B domains,PRO_0000449621,3,3,3,3
CATH-B domains,PRO_0000449632,4,4,4,4
Helicase nsp13,P0DTD1,1,1,1,1
Helix,P0DTC4,2,2,2,2
Helix,P0DTC9,8,8,8,8
Helix,P0DTD1,123,123,123,123
Helix,PRO_0000449619,2,2,2,2
Helix,PRO_0000449621,18,18,18,18
Helix,PRO_0000449623,12,12,12,12
Helix,PRO_0000449626,5,5,5,5
Helix,PRO_0000449628,6,6,6,6
Helix,PRO_0000449629,46,46,46,46
Helix,PRO_0000449630,24,24,24,24
Helix,PRO_0000449632,10,10,10,10
Host translation inhibitor nsp1,P0DTC1,1,1,1,1
Host translation inhibitor nsp1,P0DTD1,1,1,1,1
MobiDB,P0DTC9,6,6,6,6
MobiDB,P0DTD1,1,1,1,1
MobiDB,PRO_0000449621,1,1,1,1
Non-structural protein 10,P0DTC1,1,1,1,1
Non-structural protein 10,P0DTD1,1,1,1,1
Non-structural protein 11,P0DTC1,1,1,1,1
Non-structural protein 2,P0DTC1,1,1,1,1
Non-structural protein 2,P0DTD1,1,1,1,1
Non-structural protein 4,P0DTC1,1,1,1,1
Non-structural protein 4,P0DTD1,1,1,1,1
Non-structural protein 6,P0DTC1,1,1,1,1
Non-structural protein 6,P0DTD1,1,1,1,1
Non-structural protein 7,P0DTC1,1,1,1,1
Non-structural protein 7,P0DTD1,1,1,1,1
Non-structural protein 8,P0DTC1,1,1,1,1
Non-structural protein 8,P0DTD1,1,1,1,1
Non-structural protein 9,P0DTC1,1,1,1,1
Non-structural protein 9,P0DTD1,1,1,1,1
Papain-like protease nsp3,P0DTC1,1,1,1,1
Papain-like protease nsp3,P0DTD1,1,1,1,1
Pfam domains,P0DTC1,18,18,18,18
Pfam domains,P0DTC3,1,1,1,1
Pfam domains,P0DTC4,1,1,1,1
Pfam domains,P0DTC7,1,1,1,1
Pfam domains,P0DTC8,1,1,1,1
Pfam domains,P0DTC9,1,1,1,1
Pfam domains,P0DTD1,26,26,26,26
Pfam domains,P0DTD2,1,1,1,1
Pfam domains,PRO_0000449619,1,1,1,1
Pfam domains,PRO_0000449620,2,2,2,2
Pfam domains,PRO_0000449621,7,7,7,7
Pfam domains,PRO_0000449622,2,2,2,2
Pfam domains,PRO_0000449623,1,1,1,1
Pfam domains,PRO_0000449625,1,1,1,1
Pfam domains,PRO_0000449626,1,1,1,1
Pfam domains,PRO_0000449627,1,1,1,1
Pfam domains,PRO_0000449628,1,1,1,1
Pfam domains,PRO_0000449629,2,2,2,2
Pfam domains,PRO_0000449630,1,1,1,1
Pfam domains,PRO_0000449631,1,1,1,1
Pfam domains,PRO_0000449632,3,3,3,3
Pfam domains,PRO_0000449633,1,1,1,1
Pfam domains,PRO_0000449649,1,1,1,1
Proofreading exoribonuclease nsp14,P0DTD1,1,1,1,1
RNA-directed RNA polymerase nsp12,P0DTD1,1,1,1,1
SWISS-MODEL,P0DTC1,34,34,34,34
SWISS-MODEL,P0DTC3,1,1,1,1
SWISS-MODEL,P0DTC4,1,1,1,1
SWISS-MODEL,P0DTC7,3,3,3,3
SWISS-MODEL,P0DTC8,2,2,2,2
SWISS-MODEL,P0DTC9,3,3,3,3
SWISS-MODEL,P0DTD1,54,54,54,54
SWISS-MODEL,P0DTD2,2,2,2,2
Strand,P0DTC7,7,7,7,7
Strand,P0DTC8,10,10,10,10
Strand,P0DTC9,2,2,2,2
Strand,P0DTD1,133,133,133,133
Strand,PRO_0000449621,31,31,31,31
Strand,PRO_0000449623,13,13,13,13
Strand,PRO_0000449626,6,6,6,6
Strand,PRO_0000449628,3,3,3,3
Strand,PRO_0000449629,28,28,28,28
Strand,PRO_0000449630,31,31,31,31
Strand,PRO_0000449632,21,21,21,21
Uridylate-specific endoribonuclease nsp15,P0DTD1,1,1,1,1
